1178345195124490240,明星,74,2020-02-09 12:35:53
1178345201055260672,校园,99,2020-02-09 12:43:18
1178345203794063360,行业,80,2020-02-09 12:43:18
1178345206151356416,兴趣,115,2020-02-09 12:43:18
1178345208739205120,生活,50,2020-02-09 12:43:18
1178345211176026112,影视,20,2020-02-09 12:43:21
1178345213473615872,闲趣,15,2020-02-09 12:43:21
1178345219228225536,情感,67,2020-02-09 12:43:18
1178345402679595008,游戏,35,2020-02-09 12:43:18
1178345405397508096,教育,96,2020-02-09 12:43:18
1178345407711830016,人文,46,2020-02-09 12:43:18
1178345471801753600,动漫,17,2020-02-09 12:43:18
1178345497302192128,其他,2,2020-02-09 12:43:21
