1178345497302192128,1135631572870090752,圈友反馈圈,问题意见篓，圈里全都有,2019-07-19 19:27:45,2052,1152,2020-02-09 20:57:48
1178345206151356416,1139245103796264960,撸猫爱好者协会,我家主子不可能这么可爱,2019-07-29 18:46:38,76478,5471,2020-02-09 20:57:49
1178345211176026112,1139245104085692416,日剧迷雾时刻,拨开层层迷雾，探寻事实真相,2019-07-29 18:46:38,260,56,2020-02-09 20:58:30
1178345195124490240,1139245104299618304,来 Pick 你的「现」男友,哥哥长得好，一口啤酒我就倒,2019-07-29 18:46:39,2636,362,2020-02-09 20:58:16
1178345213473615872,1139245104501006336,铁打的迷妹流水的墙头,今天你又爬了谁的墙头,2019-07-29 18:46:39,65,46,2020-02-09 20:58:18
1178345471801753600,1139245104693977088,ACG现代视觉文化研究会,这是一个泛 ACGN 的交流基地,2019-07-29 18:46:39,6887,490,2020-02-09 20:57:53
1178345203794063360,1139245104882720768,Hello World,技术能力可是互联网公司绝对的 C 位,2019-07-29 18:46:39,284,81,2020-02-09 21:00:00
1178345203794063360,1139245105071345664,你问我答,知无不言，言无不尽,2019-07-29 18:46:39,2322,258,2020-02-09 20:59:58
1178345208739205120,1139247350873808896,晒出你的小日常,千篇一律的生活也有万里挑一的好看,2019-07-29 18:55:34,1381,504,2020-02-09 20:58:35
1178345219228225536,1139247351129653248,随手解救单身汪,知乎最大单身汪聚集地,2019-07-29 18:55:34,235773,17631,2020-02-09 20:57:43
1178345219228225536,1139247351305678848,婚姻迷城,曾经年少的你，和生活里的鸡毛蒜皮相处得还好吗？,2019-07-29 18:55:34,7024,642,2020-02-09 20:58:21
1178345213473615872,1139247351515557888,不好笑算我输,哈哈哈哈哈哈哈哈哈哈哈,2019-07-29 18:55:34,43380,4570,2020-02-09 20:57:47
1178345213473615872,1139247351737843712,八卦就是生活的日常,八卦是流淌在血液里的细胞，是存在于体内的基因,2019-07-29 18:55:34,5672,1945,2020-02-09 20:57:55
1178345206151356416,1144626589399736320,零食投喂社,你吃了什么好吃的零食/甜品奶茶？种草给我吧！,2019-08-13 15:10:45,6575,620,2020-02-09 20:58:28
1178345203794063360,1144628273974710272,六道口投委会,互联网、科技、消费行业及投资交流,2019-08-13 15:17:26,1895,116,2020-02-09 20:59:14
1178345203794063360,1144629203260588032,产品经理爱吐槽,爱护程序员小组,2019-08-13 15:21:08,1439,182,2020-02-09 20:59:46
1178345402679595008,1144970908593737728,西恩刀塔的希望,迭起兴衰，何时可再踏苍天？——西恩刀塔的希望,2019-08-14 13:58:57,43,14,2020-02-09 20:59:51
1178345402679595008,1144971516595900416,英雄联盟,谢邀，人在皮城，刚上白银，菜的抠脚，匿了,2019-08-14 14:01:22,8658,447,2020-02-09 20:57:52
1178345405397508096,1144972031614365696,数据驱动派,一个闲聊数据科学的地方,2019-08-14 14:03:24,71,11,2020-02-09 20:59:34
1178345211176026112,1144973198918643712,今天追剧了吗,新剧速达，一起煲剧,2019-08-14 14:08:03,2038,225,2020-02-09 20:58:07
1178345405397508096,1144973911732162560,实习与校招,为了offer一起冲～,2019-08-14 14:10:53,609,51,2020-02-09 20:58:41
1178345208739205120,1144975028151021568,新手爸妈加油吧,经养娃的，快要养娃的，一起打怪升级！,2019-08-14 14:15:19,76,10,2020-02-09 20:58:43
1178345402679595008,1145384503118753792,电子游戏拯救世界,PlayStation、Xbox 、Switch，and all。,2019-08-15 17:22:25,1060,197,2020-02-09 20:58:36
1178345203794063360,1145653616491692032,职场夸夸圈,快来夸夸你的工友~,2019-08-16 11:11:47,70,6,2020-02-09 20:59:55
1178345407711830016,1152987811798900736,看！这才是日本,在日华人带你们了解真正的日本,2019-09-05 16:55:15,8148,223,2020-02-09 20:57:55
1178345206151356416,1152989048984494080,养狗这件小事,养狗是一件小事，但也是一件大事，给狗狗付出多少精力，狗狗就会回报多少爱,2019-09-05 17:00:10,13443,2097,2020-02-09 20:58:14
1178345213473615872,1152990246705635328,离退休少女俱乐部,漂亮小姐姐和她的朋友们,2019-09-05 17:04:56,419,34,2020-02-09 20:58:05
1178345206151356416,1153356328683560960,畅游花海,分享如何养护、插花技巧和作品展示、品种特点等,2019-09-06 17:19:37,1267,366,2020-02-09 21:00:18
1178345203794063360,1154444201176559616,人工智能技术圈,一个关注于人工智能技术与应用有关的圈子,2019-09-09 17:22:26,4459,130,2020-02-09 20:58:19
1178345206151356416,1155085888886222848,手办潮玩周边,我们不是乱花钱，我们是把钱变成了喜欢的样子,2019-09-11 11:52:16,2239,227,2020-02-09 21:00:18
1178345219228225536,1155095169010274304,失恋那些事,在这里回忆、倾诉、原谅，将过去画上句号。,2019-09-11 12:29:08,19858,3122,2020-02-09 20:57:56
1178345206151356416,1155095516835753984,茶界,真正硬核的“茶”知识内容生产地,2019-09-11 12:30:31,6900,781,2020-02-09 20:58:26
1178345195124490240,1155432463122796544,杨超越和她的朋友们,让世界变得更有趣的月芽村,2019-09-12 10:49:26,57220,22995,2020-02-09 20:57:48
1178345208739205120,1156907347778650112,减肥瘦腰小事情,腰围减下4㎝，体重瘦10斤，这只是小目标～～找圈主看置顶帖,2019-09-16 12:30:06,1396,233,2020-02-09 20:58:08
1178345219228225536,1156966703501107200,贱贱的树洞,有什么开心的、不开心的、新鲜的、奇葩的，说出来大家一起乐呵乐呵。,2019-09-16 16:25:57,25093,1479,2020-02-09 20:57:49
1178345203794063360,1157295300900278272,律师交流圈,全国各地律师同行们交流、互助圈。,2019-09-17 14:11:41,7152,345,2020-02-09 20:57:52
1178345203794063360,1157309956272230400,招聘创新玩法,招聘创新玩法探讨圈,2019-09-17 15:09:55,343,28,2020-02-09 21:00:01
1178345206151356416,1157342818287738880,维基媒体计划爱好者,包括维基百科在内的有关各种维基的那些事,2019-09-17 17:20:30,116,6,2020-02-09 20:59:10
1178345219228225536,1157599051439484928,治愈小故事,拥有美好故事的知友的聚集地,2019-09-18 10:18:41,112,43,2020-02-09 21:00:03
1178345203794063360,1157601026768089088,运营研习社,研习？也许吧，在吐槽之余。,2019-09-18 10:26:31,1688,129,2020-02-09 20:58:39
1178345195124490240,1157619048790634496,邓伦粉圈,邓伦粉丝的知乎乐园,2019-09-18 11:38:08,1495,801,2020-02-09 20:58:18
1178345195124490240,1157620965444915200,赖美云的永无岛,以七之名，如云随行,2019-09-18 11:45:45,514,294,2020-02-09 20:59:16
1178345201055260672,1157722756303958016,中南财经政法大学校园圈,中南财经政法大学吹水吐槽聚集地,2019-09-18 18:30:14,953,64,2020-02-09 20:59:34
1178345201055260672,1157954729060610048,天津大学硕博水圈,天大研究生灌水求安慰探秘交友一站式平台,2019-09-19 09:52:01,420,33,2020-02-09 21:00:15
1178345201055260672,1157957524983599104,广东工业大学校园圈,学术象牙塔，情感批发处，广工人的窝。,2019-09-19 10:03:07,808,265,2020-02-09 20:59:49
1178345201055260672,1157958724231614464,南京中医药大学校园圈,在这里听见南中医的声音,2019-09-19 10:07:53,476,98,2020-02-09 21:00:12
1178345407711830016,1157965524762726400,哇！这就是边境啊 ,带你们去看更大的世界，了解边境的生活。,2019-09-19 10:34:55,2894,91,2020-02-09 20:59:20
1178345402679595008,1158376590349099008,王者荣耀,智慧·客观·真诚·宽容,2019-09-20 13:48:20,83416,5627,2020-02-09 20:57:44
1178345211176026112,1158484346825469952,奇葩说 6,这里是奇葩说第六季知乎现场,2019-09-20 20:56:31,26988,1903,2020-02-09 20:57:50
1178345195124490240,1159412491711782912,Sunnee的小世界,芸芸众生，一眼定晴,2019-09-23 10:24:38,618,639,2020-02-09 20:58:53
1178345405397508096,1159914965644759040,Python入门及提高,致力于让更多的人学会Python编程！,2019-09-24 19:41:17,23778,424,2020-02-09 20:57:49
1178345405397508096,1159915809949773824,Linux 爱好者,Linux 用户和开发者的小圈子,2019-09-24 19:44:39,392,14,2020-02-09 20:59:01
1178345206151356416,1159916481856315392,一起玩手工,用手工创造生活,2019-09-24 19:47:19,16677,1050,2020-02-09 20:57:57
1178345195124490240,1159917532445364224,许嵩可爱的小嵩鼠们,因为一个人，爱上一群人,2019-09-24 19:51:29,3320,317,2020-02-09 20:59:31
1178345206151356416,1159917974071951360,我爱篮球的一切,来聊聊篮球吧！,2019-09-24 19:53:15,4002,255,2020-02-09 20:58:53
1178345405397508096,1159920429128359936,留学星球,准留学生和留学生共同的交流圈~,2019-09-24 20:03:00,2306,199,2020-02-09 20:58:38
1178345206151356416,1159924465726582784,有些梗只有足球狗懂,随着守门员的一声哨响，比赛结束了,2019-09-24 20:19:02,6864,403,2020-02-09 20:58:59
1178345206151356416,1160268339866988544,多肉植物爱好者协会,我们都是多肉迷,2019-09-25 19:05:28,1077,281,2020-02-09 21:00:16
1178345195124490240,1160269141860175872,傅菁的泡芙城堡,泡芙们共同的望傅崖,2019-09-25 19:08:40,421,160,2020-02-09 20:59:58
1178345211176026112,1160270056637550592,看戏才是正经事,戏剧是对另一种人生的渴望,2019-09-25 19:12:18,805,109,2020-02-09 20:58:26
1178345195124490240,1160288872658944000,王鹤棣的兄弟伙,入股棣棣绝对不亏,2019-09-25 20:27:04,591,227,2020-02-09 20:59:11
1178345405397508096,1160593833846091776,VS Code,一起玩转 VS Code !,2019-09-26 16:38:52,552,15,2020-02-09 20:59:45
1178345203794063360,1160594130790526976,.NET开发者社区,本圈用于.NET开发者交流经验、职场心得,2019-09-26 16:40:03,1538,39,2020-02-09 20:59:08
1178345206151356416,1160865293735350272,歌唱气息大家庭,跟大家聊聊唱歌，发声，呼吸和各种事情。,2019-09-27 10:37:33,176,8,2020-02-09 21:00:02
1178345206151356416,1160943943730130944,今天买球鞋了吗,不仅是球鞋 更是生活,2019-09-27 15:50:05,147,21,2020-02-09 20:58:58
1178345219228225536,1160952187126693888,情感树洞,在这里可以说出你的情感故事，你说我听。,2019-09-27 16:22:50,1428,201,2020-02-09 20:59:17
1178345471801753600,1161703094936346624,萌豚星球,欢迎各位萌豚进来取暖,2019-09-29 18:06:41,213,53,2020-02-09 20:58:29
1178345195124490240,1161713362852597760,吴宣仪的531号行星,心照不宣 仪眼万年,2019-09-29 18:47:29,1434,357,2020-02-09 20:59:46
1178345195124490240,1164939191498129408,易烊千玺—封闭货车,千纸鹤聚集地，封闭货车准备发车啦。,2019-10-08 16:25:46,13311,1197,2020-02-09 20:58:01
1178345206151356416,1165580941576888320,壁纸爱好者之家,一起来分享和寻找好看的壁纸美图吧！,2019-10-10 10:55:51,3819,263,2020-02-09 20:58:10
1178345201055260672,1167860761610670080,榆林学院校园圈,一起来聊聊崇文路4号那些事儿,2019-10-16 17:55:03,597,705,2020-02-09 20:59:49
1178345201055260672,1167862542499237888,西南民族大学圈子,欢迎各位圈友来到西南民族大学圈子，这里有着有趣的灵魂和高级的皮囊～,2019-10-16 18:02:07,313,158,2020-02-09 21:00:14
1178345201055260672,1167863262812291072,江西工程学院校园圈,欢迎大家关注江西工程学院校园圈,2019-10-16 18:04:59,309,256,2020-02-09 20:59:39
1178345201055260672,1167864074267443200,南京工业大学校园圈,学术象牙塔，情感批发处，Njtecher的窝。欢迎一切爱工大的朋友们进驻，分享你的故事~,2019-10-16 18:08:13,247,51,2020-02-09 20:59:18
1178345201055260672,1167864699822755840,中南大学校友圈,CSUer们的快乐源泉,2019-10-16 18:10:42,676,62,2020-02-09 21:00:12
1178345201055260672,1168143584221548544,河南工业大学校园圈子,河南工业大学校园圈子，伴你走过美好的大学生活！,2019-10-17 12:38:53,304,101,2020-02-09 20:59:28
1178345201055260672,1168145966451937280,华南师大校友圈,滴！打卡华师！,2019-10-17 12:48:21,3753,655,2020-02-09 20:57:46
1178345201055260672,1168146786065072128,河海大学校园圈子,大哉河海奔前程，毋负邦人期,2019-10-17 12:51:36,442,112,2020-02-09 20:59:06
1178345201055260672,1168164907433902080,南财小姐姐水圈,南财同学分享新闻、趣事、八卦的小基地,2019-10-17 14:03:37,784,444,2020-02-09 21:00:07
1178345201055260672,1168166169218617344,西安欧亚学院校园圈,在欧亚，遇见教育的美好 ,2019-10-17 14:08:38,584,511,2020-02-09 20:58:40
1178345195124490240,1168471629729599488,肖战,小飞侠的秘密花园,2019-10-18 10:22:25,13273,1997,2020-02-09 20:57:45
1178345211176026112,1168591700049604608,一起看电影,原来你也爱看电影。来圈子，理性讨论电影，用数据说话,2019-10-18 18:19:32,3690,185,2020-02-09 20:57:55
1178345211176026112,1169670075199565824,我就是演员之巅峰对决,这里是综艺《我就是演员之巅峰对决》现场,2019-10-21 17:44:37,38,14,2020-02-09 20:58:33
1178345213473615872,1169712505156255744,你的表情包掉了,让我康康你今天又用了什么沙雕表情包,2019-10-21 20:33:13,35054,1391,2020-02-09 20:57:50
1178345211176026112,1169981334687825920,明星大侦探,明侦爱好者聚集地,2019-10-22 14:21:27,3378,111,2020-02-09 20:58:05
1178345201055260672,1169989823950680064,太原科技大学校园圈,有趣，有用，有态度；科大，在「知乎」与你再度相遇,2019-10-22 14:55:11,98,110,2020-02-09 21:00:11
1178345195124490240,1170019243596259328,孟美岐的山支大队,跟着山支大哥过生活的山支大队👏,2019-10-22 16:52:05,181,107,2020-02-09 20:58:48
1178345195124490240,1170051116884041728,五月天的迷弟迷妹,加入五月天，永远都不迟。,2019-10-22 18:58:44,1136,148,2020-02-09 21:00:05
1178345195124490240,1170297670253109248,杨紫-小猴紫的花果山,全心全意，紫因有你,2019-10-23 11:18:27,1354,186,2020-02-09 21:00:15
1178345203794063360,1170363747020537856,程序员吐槽大会,程序员爱吐槽,2019-10-23 15:41:01,1622,77,2020-02-09 20:58:42
1178345203794063360,1170366759206121472,优秀编剧圈,有演员嘛就得有人介绍编剧，对吧,2019-10-23 15:52:59,462,41,2020-02-09 20:59:02
1178345219228225536,1170370985315409920,杭州单身汪守望相助协会,杭州及其周边地区单身汪驻扎地,2019-10-23 16:09:47,1689,231,2020-02-09 20:59:23
1178345195124490240,1170384814397427712,朱一龙,温暖笼屉，快乐相聚,2019-10-23 17:04:44,7181,1586,2020-02-09 20:58:04
1178345195124490240,1170394419739455488,华晨宇,喜欢、分享华晨宇以及华晨宇音乐,2019-10-23 17:42:54,4803,519,2020-02-09 20:57:56
1178345219228225536,1170666205630656512,帝都单身圈,北京单身汪聚集地,2019-10-24 11:42:53,3013,823,2020-02-09 20:58:11
1178345402679595008,1170668178195132416,仙剑奇侠传游戏圈,仙剑游戏玩家们的聚集地,2019-10-24 11:50:43,270,15,2020-02-09 20:59:30
1178345219228225536,1170726184613793792,上海单身汪聚集地,这里是魔都单身汪俱乐部,2019-10-24 15:41:13,2479,341,2020-02-09 20:58:19
1178345219228225536,1170732749110951936,广东单身汪聚集地,这里是广东单身汪俱乐部,2019-10-24 16:07:18,778,139,2020-02-09 20:59:33
1178345219228225536,1170760531064897536,山东人的拉呱集结号,孔夫子先生庇佑的山东娃子们✔,2019-10-24 17:57:42,1776,482,2020-02-09 20:58:14
1178345195124490240,1171012495488733184,周冬雨的小雨滴,喜爱演员周冬雨、理性讨论作品的知友聚集地,2019-10-25 10:38:55,190,11,2020-02-09 20:59:22
1178345195124490240,1172106297243054080,王一博的正能量加油站,喜欢一博 快乐生活,2019-10-28 11:05:17,8799,1536,2020-02-09 20:57:58
1178345471801753600,1172110830543294464,海贼王圈,欢迎海米进入这个知乎海贼王的大家庭,2019-10-28 11:23:18,14402,966,2020-02-09 20:57:51
1178345206151356416,1172113615170813952,破产三姐妹,Lolita、JK制服、汉服破产三坑圈,2019-10-28 11:34:22,18869,889,2020-02-09 20:57:55
1178345405397508096,1172116662253264896,英国留学圈,分享英国留学院校信息，交流留学问题,2019-10-28 11:46:29,1486,104,2020-02-09 20:59:56
1178345407711830016,1172117723890282496,真实的德国,真实的德国到底长什么样子的？,2019-10-28 11:50:42,867,32,2020-02-09 20:58:33
1178345195124490240,1172193262034489344,张云雷的猎豹,蓝色天空下猎豹丫头们一生挚爱唯有云雷,2019-10-28 16:50:51,2585,940,2020-02-09 20:59:15
1178345206151356416,1172825085445664768,悬疑爱好者,一起来探索悬疑的世界，开启脑洞时刻！,2019-10-30 10:41:30,2004,27,2020-02-09 21:00:10
1178345195124490240,1172842067767611392,薇娅的女人们,跟着薇娅的魔力一起买买买,2019-10-30 11:48:59,326,14,2020-02-09 20:59:43
1178345195124490240,1172853120844619776,杨幂的蜂蜜王国,跟着幂幂快乐生活的小蜜蜂们💓,2019-10-30 12:32:54,782,60,2020-02-09 20:59:31
1178345195124490240,1172857016241606656,郑爽的正版家族,郑爽🔒正版❤️,2019-10-30 12:48:23,607,92,2020-02-09 21:00:09
1178345195124490240,1172861588464930816,王俊凯的阳澄湖,从开始到未来 只为王俊凯💙,2019-10-30 13:06:33,3437,465,2020-02-09 20:58:08
1178345195124490240,1172869358517899264,王源,唯爱王源呀💚,2019-10-30 13:37:25,2283,875,2020-02-09 20:58:29
1178345195124490240,1172872076263346176,和李子柒一起过生活,热爱李子柒，热爱生活,2019-10-30 13:48:13,2114,59,2020-02-09 20:59:03
1178345195124490240,1172878057768685568,欧阳娜娜,娜铁的快乐星球 吼！,2019-10-30 14:11:59,495,14,2020-02-09 20:59:14
1178345195124490240,1172881499518443520,刘昊然的暖阳吖,一路浩瀚 暖阳相伴,2019-10-30 14:25:40,2977,232,2020-02-09 20:59:36
1178345203794063360,1172963138957217792,智能制造圈,智能制造行业知识分享,2019-10-30 19:50:05,527,36,2020-02-09 20:59:31
1178345195124490240,1172965664930320384,张艺兴的贝壳们,欢迎所有愿意了解张艺兴的朋友加入我们,2019-10-30 20:00:07,4792,1113,2020-02-09 20:58:06
1178345195124490240,1172967743426371584,罗云熙家的知乎兔,让喜欢罗云熙的朋友汇聚在一起,2019-10-30 20:08:22,3792,606,2020-02-09 20:59:09
1178345206151356416,1172969384262983680,文玩圈,我们一起盘玩生活,2019-10-30 20:14:53,2215,929,2020-02-09 21:00:02
1178345206151356416,1173238894736191488,印章收集控,印章爱好者之家,2019-10-31 14:05:50,282,48,2020-02-09 20:59:37
1178345208739205120,1173265028986953728,修行沙雕集中营,修行是一件很正经的事情，沙雕也是,2019-10-31 15:49:41,1407,444,2020-02-09 20:58:34
1178345206151356416,1173322658564882432,布偶猫协会,纯种布偶猫交流，不定期举办活动,2019-10-31 19:38:41,2746,505,2020-02-09 20:59:58
1178345206151356416,1174643890895704064,时尚情报局,热门时尚服装搭配、美妆指南～,2019-11-04 11:08:47,714,112,2020-02-09 20:59:27
1178345402679595008,1174676183252983808,多多自走棋,在战火纷飞的棋盘间共享战斗的乐趣。,2019-11-04 13:17:06,350,77,2020-02-09 20:59:08
1178345402679595008,1174678031234203648,英雄联盟手游,一起听这些年让我们热血到泪奔的峡谷传说,2019-11-04 13:24:27,3433,104,2020-02-09 20:58:02
1178345195124490240,1174686565812371456,蔡徐坤,何必顺应，不惧流言,2019-11-04 13:58:21,975,483,2020-02-09 20:59:26
1178345195124490240,1174689394110902272,周杰伦的杰迷啊,这里是佛系杰迷们的知乎聚集地,2019-11-04 14:09:36,4319,332,2020-02-09 20:58:27
1178345195124490240,1174695737077575680,刘亦菲的亦家人,这里是茜茜粉的知乎聚集地,2019-11-04 14:34:48,4517,501,2020-02-09 20:58:31
1178345195124490240,1174698366746722304,薛之谦的谦友们,这里是谦友的知乎聚集地,2019-11-04 14:45:15,1145,353,2020-02-09 20:59:20
1178345195124490240,1174703179911942144,吴亦凡的梅格妮,这里是梅格妮知乎聚集地,2019-11-04 15:04:23,818,72,2020-02-09 21:00:18
1178345195124490240,1174706946384351232,迪丽热巴,这里是爱丽丝和迪迪卫的知乎聚集地,2019-11-04 15:19:21,1550,980,2020-02-09 20:58:11
1178345405397508096,1174720670150447104,大数据学习圈,大数据学习路线、面试、转型,2019-11-04 16:13:53,714,26,2020-02-09 20:59:25
1178345211176026112,1174722292759846912,极限男人帮的鸡丝们,这里聚集喜爱极限男人帮和极限挑战的朋友们,2019-11-04 16:20:19,320,48,2020-02-09 20:58:23
1178345206151356416,1174724964719325184,吉他手兴趣交流圈,这是一个关于吉他与音乐的兴趣圈子,2019-11-04 16:30:56,2281,153,2020-02-09 20:58:23
1178345407711830016,1174731294129569792,尼伯龙根,但为君故，沉吟至今。,2019-11-04 16:56:05,2359,354,2020-02-09 20:58:26
1178345211176026112,1174735038615441408,我的团长我的团,知乎上团迷的家园,2019-11-04 17:10:58,1307,97,2020-02-09 20:58:10
1178345405397508096,1174735957173088256,自考互助圈,自考生的互助交流圈子~,2019-11-04 17:14:37,7041,763,2020-02-09 20:58:30
1178345195124490240,1174744734487281664,王嘉尔的jacky,这里是王嘉尔粉的聚集地,2019-11-04 17:49:30,924,140,2020-02-09 20:59:52
1178345195124490240,1174748039604035584,赵丽颖的颖火虫,这里是颖宝颖火虫的知乎聚集地,2019-11-04 18:02:38,1066,878,2020-02-09 20:59:03
1178345405397508096,1174749525213872128,雅思交流圈,知乎雅思屠鸭小分队,2019-11-04 18:08:32,18127,1729,2020-02-09 20:57:46
1178345195124490240,1174756848069308416,羊毛老师爱养羊,杨洋的知乎羊圈,2019-11-04 18:37:38,2663,1112,2020-02-09 20:59:41
1178345195124490240,1174757513504993280,鹿晗的麋鹿精灵,这是知乎鹿饭们的大本营,2019-11-04 18:40:17,543,80,2020-02-09 20:59:26
1178345201055260672,1174992817121837056,西京学院校园圈,"江湖路远,殊途同归。大美西京园见。",2019-11-05 10:15:17,53,15,2020-02-09 20:59:59
1178345407711830016,1174994435103932416,文艺青年圈,文艺的畅想，碰撞希望的火花！,2019-11-05 10:21:43,1313,372,2020-02-09 20:58:12
1178345402679595008,1175000468730957824,星际争霸2圈,最后的即时战略游戏,2019-11-05 10:45:42,496,40,2020-02-09 20:58:38
1178345203794063360,1175004929968836608,测试进阶,软件测试经验和技术的交流分享平台。,2019-11-05 11:03:25,480,20,2020-02-09 20:58:56
1178345405397508096,1175006117171752960,考研天地,考研人学习交流的最佳平台,2019-11-05 11:08:08,19131,1265,2020-02-09 20:57:52
1178345201055260672,1175008873348628480,宁夏大学校友圈,欢迎加入，在这里你可以分享你的一切！,2019-11-05 11:19:06,137,55,2020-02-09 20:59:12
1178345201055260672,1175037283060817920,华北理工大学校园圈,华北理工大学校友交流圈,2019-11-05 13:11:59,1881,1196,2020-02-09 21:00:08
1178345471801753600,1175358544726241280,逛漫展,分享漫展见闻，探讨发展方向,2019-11-06 10:28:34,1341,126,2020-02-09 20:58:08
1178345407711830016,1175359115596197888,封神演义同好会,封神演义原著小说，希望大家友好交流,2019-11-06 10:30:50,30,10,2020-02-09 20:59:04
1178345201055260672,1175361161556713472,南京航空航天大学校友圈,今天航空报国了吗？,2019-11-06 10:38:58,814,61,2020-02-09 20:59:29
1178345203794063360,1175362636799254528,银行从业者驿站,欢迎各位银行从业者入圈！,2019-11-06 10:44:49,223,19,2020-02-09 21:00:14
1178345219228225536,1175425913231228928,武汉单身汪聚集地,我们是积极自救互助大会。,2019-11-06 14:56:16,2783,867,2020-02-09 20:58:16
1178345195124490240,1175801060387655680,白宇的宇宙空间,欢迎登上408号宇宙飞船,2019-11-07 15:46:58,511,165,2020-02-09 20:59:56
1178345195124490240,1175809694739976192,吴青峰的吹峰机,追峰日常，分享青峰有趣动态,2019-11-07 16:21:16,310,14,2020-02-09 21:00:05
1178345201055260672,1175821468590686208,广州大学城高校生活圈,来了就是一家人，圈子建设靠大家。,2019-11-07 17:08:03,172,47,2020-02-09 20:59:00
1178345203794063360,1176096332204449792,法医从业者的交流大会,勘验事实，勇敢担当。不忘初心，砥砺前行。,2019-11-08 11:20:16,847,29,2020-02-09 20:58:39
1178345203794063360,1176100696846516224,我们都是有为医生,这里是医生同行们的交流互助经验分享圈,2019-11-08 11:37:37,2016,93,2020-02-09 20:58:59
1178345203794063360,1176139728998539264,谈谈心理咨询,心理咨询者和心理咨询师的秘密花园。,2019-11-08 14:12:43,3034,110,2020-02-09 20:58:07
1178345203794063360,1176154067679780864,记者联合会,铁肩担道义，妙笔著文章,2019-11-08 15:09:41,1014,69,2020-02-09 20:59:41
1178345402679595008,1176160652309184512,RNG圈,RNG战队粉丝聚集地,2019-11-08 15:35:51,2328,44,2020-02-09 20:58:56
1178345203794063360,1176162867384029184,科研工作者,求真求是，格物致知,2019-11-08 15:44:39,1963,24,2020-02-09 20:59:05
1178345203794063360,1176165562194108416,会计从业者,今天我做完账了吗？,2019-11-08 15:55:22,4333,218,2020-02-09 20:57:59
1178345203794063360,1176169291942174720,人民好园丁,我们是可爱的人民教师,2019-11-08 16:10:11,1245,36,2020-02-09 20:58:37
1178345201055260672,1176188050736046080,华北电力大学校园圈,巍巍学府，电力之光,2019-11-08 17:24:43,471,104,2020-02-09 20:59:39
1178345206151356416,1176190373579370496,百科及词典参考工具交流站,百科及词典使用者、爱好者的小天地,2019-11-08 17:33:57,348,46,2020-02-09 21:00:06
1178345402679595008,1176209456140038144,SKT圈 ,SKT战队粉丝聚集地,2019-11-08 18:49:47,1215,67,2020-02-09 20:58:32
1178345402679595008,1176209719043276800,EDG圈,EDG战队粉丝聚集地,2019-11-08 18:50:49,1421,67,2020-02-09 20:59:41
1178345402679595008,1176209807891193856,iG圈,iG战队粉丝聚集地,2019-11-08 18:51:11,4290,68,2020-02-09 20:58:12
1178345402679595008,1176210233277493248,FPX圈,FPX战队粉丝聚集地,2019-11-08 18:52:52,2829,34,2020-02-09 20:58:27
1178345208739205120,1177172719115829248,装修这件事,交流装修经验，晒晒装修日常。,2019-11-11 10:37:27,2787,210,2020-02-09 20:57:45
1178345211176026112,1177174221569167360,润玉圈,大家一起来嗑玉啊,2019-11-11 10:43:25,502,48,2020-02-09 20:58:20
1178345201055260672,1177184649675149312,大连海事大学校园圈,学汇百川，德济四海。,2019-11-11 11:24:51,408,48,2020-02-09 20:58:40
1178345201055260672,1177187565341433856,东北林业大学校园圈,学参天地，德合自然。,2019-11-11 11:36:26,247,30,2020-02-09 20:59:54
1178345201055260672,1177188964132511744,复旦大学校园圈,博学而笃志，切问而近思。,2019-11-11 11:42:00,2419,136,2020-02-09 20:57:56
1178345201055260672,1177190824391090176,华中科技大学校园圈,明德 厚学 求是 创新 ,2019-11-11 11:49:23,2399,187,2020-02-09 20:59:01
1178345201055260672,1177191650518003712,中国民航大学校园圈,笃学精博、严谨创新,2019-11-11 11:52:40,543,69,2020-02-09 20:58:44
1178345201055260672,1177192263468482560,山东大学校园圈,学无止境，气有浩然,2019-11-11 11:55:06,1517,229,2020-02-09 20:58:41
1178345201055260672,1177192509992869888,吉林大学校园圈,求实创新，励志图强。,2019-11-11 11:56:05,1743,195,2020-02-09 20:58:50
1178345201055260672,1177218638804836352,郑州大学校园圈,求是担当,2019-11-11 13:39:55,1670,181,2020-02-09 20:58:13
1178345201055260672,1177219700026691584,太原理工大学校园圈,求实创新,2019-11-11 13:44:08,476,34,2020-02-09 20:59:44
1178345201055260672,1177220170820562944,西南大学校园圈,含弘光大、继往开来,2019-11-11 13:46:00,1284,211,2020-02-09 20:58:09
1178345405397508096,1177246065790685184,美国留学圈,准留学生、留学生分享知识和经验的精准社区,2019-11-11 15:28:54,784,118,2020-02-09 20:59:40
1178345213473615872,1177264985536925696,治愈杂物社,治愈系每日打卡,2019-11-11 16:44:05,753,156,2020-02-09 20:58:00
1178345195124490240,1177282820908666880,李荣浩的鲸鱼,这里是鲸鱼的知乎聚集地🏠,2019-11-11 17:54:57,424,44,2020-02-09 21:00:16
1178345195124490240,1177285675089719296,林俊杰的JM,这里是JM的知乎聚集地🏠,2019-11-11 18:06:17,1237,118,2020-02-09 21:00:01
1178345195124490240,1177291145297747968,李易峰和他的蜜蜂们,这里是蜜蜂🐝的知乎聚集地🏠,2019-11-11 18:28:02,728,114,2020-02-09 20:59:09
1178345195124490240,1177302289559252992,黄景瑜的护鲸团,这里是护鲸团的知乎聚集地🏠,2019-11-11 19:12:19,312,17,2020-02-09 21:00:17
1178345201055260672,1177552922795266048,九江职业大学校园圈,九江职业大学学子交流圈,2019-11-12 11:48:14,691,198,2020-02-09 20:59:44
1178345219228225536,1177555747218591744,深圳单身聚集地,陌生的城市，找到属于你的ta,2019-11-12 11:59:28,1644,314,2020-02-09 20:58:27
1178345195124490240,1177599474423283712,陈立农的农氏小区,这里是农糖的知乎聚集地🏠,2019-11-12 14:53:13,314,28,2020-02-09 20:59:41
1178345195124490240,1177620545431207936,朱正廷的珍珠糖,这里是珍珠糖🍬的知乎聚集地🏠,2019-11-12 16:16:57,194,25,2020-02-09 20:59:33
1178345195124490240,1177625264909115392,林彦俊的Evanism,这里是Evanism的知乎聚集地🏠,2019-11-12 16:35:42,362,35,2020-02-09 20:59:51
1178345195124490240,1177629179053654016,张杰和他的星星,这里是星星的知乎聚集地🏠,2019-11-12 16:51:15,447,96,2020-02-09 20:59:05
1178345195124490240,1177631476693336064,王凯和他的影迷朋友,这里是王凯影迷朋友聚集地🏠,2019-11-12 17:00:23,330,42,2020-02-09 20:59:28
1178345195124490240,1177637590618001408,陈伟霆和他的女皇,这里是女皇的知乎聚集地🏠,2019-11-12 17:24:41,486,26,2020-02-09 20:59:20
1178345195124490240,1177645849524617216,黄子韬和他的小海浪,这里是海浪的知乎聚集地🏠,2019-11-12 17:57:30,236,52,2020-02-09 21:00:01
1178345195124490240,1177648942119161856,鞠婧祎和她的鞠骑们,这里是鞠骑的知乎聚集地🏠,2019-11-12 18:09:47,749,102,2020-02-09 21:00:12
1178345195124490240,1177651230443364352,毛不易的暴发户大队,这里是毛毛的暴发户知乎聚集地🏠,2019-11-12 18:18:53,1080,116,2020-02-09 20:59:46
1178345195124490240,1177653082236911616,邓紫棋和她的渔民,这里是邓紫棋渔民的知乎聚集地🏠,2019-11-12 18:26:14,403,15,2020-02-09 21:00:19
1178345405397508096,1177654675187478528,每日英语学习打卡,英语打卡圈，轻松分享，记录过程。,2019-11-12 18:32:34,1149,274,2020-02-09 20:59:19
1178345219228225536,1177664938356658176,天津单身狗舍,能脱单就脱吧，脱不了的也加把劲,2019-11-12 19:13:21,417,66,2020-02-09 20:59:38
1178345407711830016,1177674321353515008,成都生活指南,成都，一座来了就不想走的城市。,2019-11-12 19:50:38,2447,281,2020-02-09 20:58:10
1178345405397508096,1177906794172661760,四六级打卡处,这里是四六级自律打卡处,2019-11-13 11:14:24,3207,184,2020-02-09 20:59:40
1178345208739205120,1178006707900416000,职场社畜欢乐圈,全世界的社畜站起来！工作不是我们的全部！,2019-11-13 17:51:25,470,131,2020-02-09 20:59:20
1178345402679595008,1178008926729236480,CSGO鸡友圈,CSGO太好玩了吧！,2019-11-13 18:00:14,942,60,2020-02-09 20:58:17
1178345206151356416,1178029686508097536,宠物龟龟的日常,龟龟日常生活的分享，欢迎各位龟友入驻！,2019-11-13 19:22:43,537,180,2020-02-09 20:59:22
1178345407711830016,1178272431747325952,建筑城市与广义设计,建筑与城市设计以及更广范围设计领域的知乎圈子。同时关注理论与实践，功能与审美，历史与新知。,2019-11-14 11:27:18,1540,81,2020-02-09 20:58:31
1178345407711830016,1178272710194593792,自学绘画者联盟,让我们一同踏入自学绘画者修行之路吧！,2019-11-14 11:28:25,1078,169,2020-02-09 20:58:15
1178345195124490240,1178273062154424320,马思纯和她的唇蜜们,唯爱思纯-喜欢马思纯的小伙伴们这里集合了！,2019-11-14 11:29:49,327,87,2020-02-09 21:00:18
1178345219228225536,1178366615732801536,西安单身圈,西安单身汪聚集地,2019-11-14 17:41:34,1886,332,2020-02-09 20:58:29
1178345195124490240,1178420225064853504,彭昱畅的鱼苗圈,和鱼苗们一起安利彭昱畅~,2019-11-14 21:14:35,462,24,2020-02-09 21:00:12
1178345201055260672,1178611583361654784,深圳大学校园圈,深圳大学校友,2019-11-15 09:54:59,210,21,2020-02-09 20:59:59
1178345201055260672,1178611823108157440,中央民族大学校园圈,中央民族大学的校园圈，欢迎各位校友及在校生,2019-11-15 09:55:56,168,28,2020-02-09 20:59:59
1178345203794063360,1178614234203779072,翻译交流圈,帮助大家进行翻译的学习和交流，翻译信息的传递，翻译需求的发布和翻译考试的相关内容。,2019-11-15 10:05:31,1313,185,2020-02-09 20:58:32
1178345405397508096,1178628990808625152,初中资料圈,初中学习，中考复习所有必备资料,2019-11-15 11:04:09,674,51,2020-02-09 20:59:30
1178345405397508096,1178629119159545856,西安大学生,西安高校在读生及毕业生的交流聚集地,2019-11-15 11:04:39,957,70,2020-02-09 20:59:35
1178345201055260672,1178695255091802112,武汉大学校园圈,自强、弘毅、求是、拓新,2019-11-15 15:27:27,1820,192,2020-02-09 20:58:01
1178345201055260672,1178697172303908864,上海交通大学校园圈,饮水思源，爱国荣校,2019-11-15 15:35:05,1331,79,2020-02-09 20:58:06
1178345201055260672,1178698873269407744,中南民族大学校园圈,笃信好学，自然宽和。,2019-11-15 15:41:50,301,42,2020-02-09 21:00:14
1178345201055260672,1178699467438714880,山东科技大学校园圈,惟真求新,2019-11-15 15:44:12,294,31,2020-02-09 20:59:34
1178345201055260672,1178700109897007104,北京林业大学校园圈,知山知水，树木树人。,2019-11-15 15:46:45,503,52,2020-02-09 20:59:07
1178345201055260672,1178700455827394560,南昌大学校园圈,格物致新，厚德泽人,2019-11-15 15:48:07,562,88,2020-02-09 20:58:55
1178345201055260672,1178701004568145920,湖南科技大学校园圈,唯实惟新，至诚致志,2019-11-15 15:50:18,202,32,2020-02-09 20:59:39
1178345201055260672,1178702463699390464,长春理工大学校园圈,明德 博学 求是 创新,2019-11-15 15:56:06,137,20,2020-02-09 20:59:24
1178345201055260672,1178702999415963648,中国农业大学校园圈,解民生之多艰，育天下之英才,2019-11-15 15:58:14,509,55,2020-02-09 20:58:50
1178345201055260672,1178703360507801600,云南大学校园圈,自尊 致知 正义 力行,2019-11-15 15:59:40,346,74,2020-02-09 21:00:08
1178345206151356416,1179712013277782016,笔记本爱好者,这里是笔记本爱好者的聚集地，欢迎各类硬件爱好者讨论，对数码产品有需求的也可以来提问哦~,2019-11-18 10:47:41,588,53,2020-02-09 20:58:53
1178345206151356416,1179714438353035264,严肃的讨论通俗音乐,这里有一群音乐爱好者，关注领域从流行、摇滚到电子、说唱，但都是以严肃态度面对音乐的人,2019-11-18 10:57:20,78,12,2020-02-09 20:59:42
1178345201055260672,1179721414571102208,华南农业大学校园圈,修德 博学 求实 创新,2019-11-18 11:25:03,457,39,2020-02-09 20:57:51
1178345201055260672,1179726382279639040,同济大学校园圈,同济人的圈子,2019-11-18 11:44:47,997,70,2020-02-09 20:58:19
1178345206151356416,1179727419836248064,Bad Apple!!,"恐惧bug是没用的, 我们要活用bug. 收集Apple产品各种软硬件bug.",2019-11-18 11:48:55,274,108,2020-02-09 20:58:52
1178345201055260672,1179728226988130304,西安交通大学校园圈,欢迎西交大的学子们加入,2019-11-18 11:52:07,320,33,2020-02-09 20:58:55
1178345203794063360,1179730630958616576,个人站长交流圈,网站建设网站运营交流圈子,2019-11-18 12:01:40,177,20,2020-02-09 20:58:38
1178345405397508096,1179748450978271232,零基础学编程,零基础的萌新或转行的小伙伴在这里可以学习到编程的学习方法、方向，完整的学习路径。,2019-11-18 13:12:29,2154,38,2020-02-09 20:59:02
1178345201055260672,1179750792570134528,北京大学校园圈,欢迎北京大学的本硕博同学加入圈子吖，一起交流，共同进步！,2019-11-18 13:21:47,7231,130,2020-02-09 20:57:43
1178345203794063360,1179753368179884032,方舟编译器交流圈,交流关于方舟编译器的技术和使用。,2019-11-18 13:32:01,750,53,2020-02-09 20:58:51
1178345206151356416,1179757828879945728,手机摄影圈,手机拍照爱好者聚集地,2019-11-18 13:49:45,967,153,2020-02-09 20:58:33
1178345201055260672,1179759930197811200,东北大学校园圈,自强不息，知行合一,2019-11-18 13:58:06,524,50,2020-02-09 20:59:00
1178345213473615872,1179760134514946048,袁小天宝藏句子文案分享圈,和大家一起分享更多的珍藏的句子和朋友圈文案，让我们在收获中分享，在分享中收获，一起努力加油鸭~,2019-11-18 13:58:54,3931,489,2020-02-09 20:57:53
1178345407711830016,1179767816315674624,不动笔墨不读书,分享书影资源，知乎主站带逛。,2019-11-18 14:29:26,3372,398,2020-02-09 20:58:28
1178345206151356416,1179811521130192896,金刚凤眼圈,欢迎喜欢文玩的朋友晒出自己的宝贝，解答讨论问题。,2019-11-18 17:23:06,602,204,2020-02-09 20:59:04
1178345405397508096,1180067555426947072,PTE学习圈,欢迎各位关注PTE学习圈，在本圈子可以互帮互助更好的学习PTE，通过PTE考试！,2019-11-19 10:20:29,3083,403,2020-02-09 20:58:45
1178345405397508096,1180067762503815168,学历提升圈,用合适的方式提升学历,2019-11-19 10:21:19,2029,70,2020-02-09 21:00:00
1178345402679595008,1180068365795840000,绝地求生,绝地求生（PUBG）PC 版交流。,2019-11-19 10:23:43,966,48,2020-02-09 20:58:07
1178345407711830016,1180068466256789504,我们都是故事迷,故事，灵魂的止痛片。,2019-11-19 10:24:06,18114,1054,2020-02-09 20:57:47
1178345201055260672,1180068885096730624,中国传媒大学白杨林,中传小白杨们请来这里吐槽讨论，认识好看有趣的小哥哥小姐姐！还可以入学咨询哦～,2019-11-19 10:25:46,1010,97,2020-02-09 20:58:25
1178345206151356416,1180069773126418432,耳机实话说,聊耳机 请说实话,2019-11-19 10:29:18,591,39,2020-02-09 21:00:17
1178345206151356416,1180072160722292736,摄影交流与学习,分享作品，讨论器材，交流学习前期与后期技巧。,2019-11-19 10:38:47,9023,1009,2020-02-09 20:58:12
1178345405397508096,1180072303513223168,专升本交流圈,致力于帮助每个正在专升本路上遇到困难的小伙伴,2019-11-19 10:39:21,7551,1145,2020-02-09 20:58:07
1178345206151356416,1180078932375769088,摄影暗房Club,暗房者，胶片之圣地也。希望大家在这里分享自己拍的照片，不限胶片，以及按下快门的一瞬间对生活的释义。,2019-11-19 11:05:42,43645,2500,2020-02-09 20:57:52
1178345213473615872,1180436632829882368,文玩手串,盘玩是一种境界，万物皆可盘,2019-11-20 10:47:04,287,190,2020-02-09 20:58:10
1178345219228225536,1180437279704788992,情感碎碎念,关于恋爱，关于失恋，关于情感的一切思考和吐槽,2019-11-20 10:49:38,1221,147,2020-02-09 20:59:28
1178345201055260672,1180437394930733056,北京工商大学校园圈,欢迎btbuer,2019-11-20 10:50:06,149,25,2020-02-09 20:59:24
1178345407711830016,1180443331191115776,原来这就是韩国,欢迎在韩华人或留学生多分享泡菜国的有趣见闻，也欢迎对南韩文化感兴趣的知友们一起加入,2019-11-20 11:13:41,1015,345,2020-02-09 20:58:47
1178345195124490240,1180444373941243904,谭松韵的松果大家庭,演员谭松韵粉丝互动圈子,2019-11-20 11:17:50,473,28,2020-02-09 20:58:57
1178345405397508096,1180445722368081920,爱上学日语,分享最全最新学习资料，趣味高效学习方法，答疑解惑。,2019-11-20 11:23:11,2833,159,2020-02-09 20:58:42
1178345203794063360,1180446113609502720,Rust编程圈,请在这里分享关于Rust编程的一切吧！In Rust We Trust!,2019-11-20 11:24:45,915,38,2020-02-09 20:59:51
1178345211176026112,1180446312402759680,漫威粉俱乐部,漫威大法好！神盾局特工，复仇者联盟，x战警，我全都要。,2019-11-20 11:25:32,2254,292,2020-02-09 20:58:00
1178345208739205120,1180447537193078784,2046旅店,一约既定，万山无阻。,2019-11-20 11:30:24,315,34,2020-02-09 20:58:34
1178345201055260672,1180448097158742016,中北大学校园圈,中北大学,2019-11-20 11:32:38,53,7,2020-02-09 20:58:54
1178345206151356416,1180516673274134528,TQ和他的HIFI烧友圈,热爱音乐，喜欢折腾的音频发烧友、耳机爱好者集中营。,2019-11-20 16:05:07,211,35,2020-02-09 20:59:52
1178345206151356416,1180794576204525568,翡翠交流圈,专业分享翡翠知识及鉴定盘玩,2019-11-21 10:29:25,1429,501,2020-02-09 20:59:11
1178345203794063360,1180807024694255616,准时下班程序猿,交流技术问题，交流如何准时下班，交流解决终身大事。,2019-11-21 11:18:53,8591,539,2020-02-09 20:59:28
1178345203794063360,1180807579877498880,东叶寺情报所,科技金融圈爆料热线,2019-11-21 11:21:05,14351,4230,2020-02-09 20:58:02
1178345206151356416,1180807771937853440,海外趣发现,发现海内外有趣的创意｜艺术设计理念｜海外资讯热点｜都市传说｜大势了百合,2019-11-21 11:21:51,1058,97,2020-02-09 20:58:47
1178345203794063360,1180807896924913664,猿媛圈,程序猿和程序媛的聚集地，在这里可以交流技术，也可以找对象。,2019-11-21 11:22:20,646,82,2020-02-09 20:59:26
1178345203794063360,1180831865149227008,驾校学车圈,当年在驾校学车的那些事，包括选择驾校，学车技巧，考试方法和学车趣事等,2019-11-21 12:57:35,1149,147,2020-02-09 20:58:56
1178345203794063360,1180832186047049728,互联网创业圈,通过互联网创业赚钱完成我们那些年的小目标,2019-11-21 12:58:51,5592,323,2020-02-09 20:57:44
1178345405397508096,1180833263358246912,注册会计师考试,注册会计师考生圈子，分享注册会计师考试经验、报考信息，助力注册会计师考生通关！,2019-11-21 13:03:08,6294,147,2020-02-09 20:58:09
1178345219228225536,1180835570530705408,母胎单身的许愿树,这是让母胎单身/solo的兄弟姐妹们分享生活，寄托心情的地方，母单不是终点，我们会好好享受每一天的。,2019-11-21 13:12:18,424,133,2020-02-09 20:58:32
1178345206151356416,1180837432802631680,读书知味,慢读一本书不是在逐字逐句看文章，而是在细细咀嚼每一个行走的文字。,2019-11-21 13:19:42,2736,241,2020-02-09 20:58:20
1178345219228225536,1180838306065096704,福建单身聚集地,希望每个福建的小伙伴都在冬天来临之前爱你所爱。,2019-11-21 13:23:11,558,106,2020-02-09 21:00:14
1178345213473615872,1180840957221761024,雲庐客栈,有空的时候，来喝杯卡布奇诺，聊聊你的故事。无论是真实的见闻还是虚构的文字，都欢迎分享。,2019-11-21 13:33:43,170,52,2020-02-09 20:58:24
1178345203794063360,1180841081847111680,大前端交流圈,大前端领域经验交流，讨论Web端、移动端、跨终端、NodeJS 全栈、Serverless 等话题,2019-11-21 13:34:12,763,26,2020-02-09 20:59:36
1178345201055260672,1180862664300048384,大连理工大学校园圈,海纳百川，自强不息，厚德笃学，知行合一,2019-11-21 14:59:58,749,65,2020-02-09 20:59:24
1178345201055260672,1180865007830667264,四川大学校园圈,海纳百川 有容乃大,2019-11-21 15:09:17,2471,239,2020-02-09 20:58:16
1178345201055260672,1180869850787958784,厦门大学校园圈,自强不息 止于至善,2019-11-21 15:28:31,1293,125,2020-02-09 20:58:21
1178345201055260672,1180875164945006592,哈尔滨工业大学校园圈,"规格严格,功夫到家",2019-11-21 15:49:38,1370,122,2020-02-09 20:59:12
1178345201055260672,1180876699998244864,上海大学校园圈,"自强不息,先天下之忧而忧,后天下之乐而乐",2019-11-21 15:55:44,840,176,2020-02-09 20:59:29
1178345201055260672,1180877373283778560,东南大学校园圈,SEUer的校园圈,2019-11-21 15:58:25,370,26,2020-02-09 20:58:31
1178345201055260672,1180879871202476032,华中师范大学校园圈,求实创新、立德树人,2019-11-21 16:08:20,872,144,2020-02-09 20:58:27
1178345201055260672,1180880795895484416,兰州大学校园圈,自强不息、独树一帜,2019-11-21 16:12:01,659,80,2020-02-09 20:59:18
1178345201055260672,1180900021124464640,电子科技大学校园圈,"求实求真,大气大为",2019-11-21 17:28:25,1061,86,2020-02-09 20:59:55
1178345201055260672,1180901588893409280,湖南大学校园圈,实事求是 敢为人先,2019-11-21 17:34:38,711,67,2020-02-09 20:59:12
1178345206151356416,1181158755176312832,手机与无反的拍照交流圈,分享手机与相机拍到的片子，感悟，心得，让经验交流在这里畅通无阻,2019-11-22 10:36:32,506,109,2020-02-09 21:00:10
1178345402679595008,1181164063316504576,炉石传说玩家圈,在火炉旁找个位子随便坐！,2019-11-22 10:57:37,1642,59,2020-02-09 20:57:59
1178345405397508096,1181167518679572480,芬兰教育研究圈,如果你也关注教育，关注孩子，全球第一的芬兰教育值得研究。,2019-11-22 11:11:21,100,19,2020-02-09 20:59:55
1178345402679595008,1181168719803363328,Switch冲鸭,NS玩家圈，聊游戏，联机嗨，让你的Switch不再吃灰！,2019-11-22 11:16:07,6750,361,2020-02-09 20:57:49
1178345206151356416,1181169965196120064,白酒酒友会,聚焦经典白酒，品鉴百味人生,2019-11-22 11:21:04,273,71,2020-02-09 20:59:16
1178345201055260672,1181174417248550912,天津财经大学校园圈,天津财经大学本科➕硕士交流圈,2019-11-22 11:38:46,253,39,2020-02-09 20:59:33
1178345206151356416,1181175030016368640,滑板交流圈,欢迎各位热爱玩滑板的小哥哥小姐姐进圈交流哦,2019-11-22 11:41:12,86,19,2020-02-09 20:59:32
1178345208739205120,1181176412576350208,科学跑步共同进步,跑友们交流跑步心得、分享科学跑步知识和比赛信息、互相打卡督促。,2019-11-22 11:46:41,376,86,2020-02-09 20:59:36
1178345407711830016,1181177563795406848,趣味历史圈,欢迎历史爱好者、大咖or专业人士入圈一起分享有趣的历史知识、书籍介绍等,2019-11-22 11:51:16,3570,77,2020-02-09 20:58:05
1178345208739205120,1181178110984245248,养娃俱乐部,给爸爸妈妈一个交流养娃的地方，畅所欲言，答疑解惑，交流经验,2019-11-22 11:53:26,555,95,2020-02-09 20:58:46
1178345208739205120,1181178407772246016,科普只渡有缘人,专注一些科普知识的普及，致力打破生活中的各个常规陋俗,2019-11-22 11:54:37,3077,35,2020-02-09 20:58:03
1178345405397508096,1181179560731881472,PTE圈,PTE备考达人高产区，只要你想考PTE，这里就会有你想要的经验分享，你---就是下一个PTE达人！,2019-11-22 11:59:12,3480,362,2020-02-09 20:58:35
1178345208739205120,1181180110483509248,江水平装修,分享装修知识，交流装修经验,2019-11-22 12:01:23,437,94,2020-02-09 20:58:57
1178345407711830016,1181199427443781632,郑州同城圈,郑姆斯特丹的小伙伴们来集合了😊😊,2019-11-22 13:18:09,1086,185,2020-02-09 20:58:33
1178345203794063360,1181211053727313920,腾讯云云开发,小程序就用云开发,2019-11-22 14:04:21,483,376,2020-02-09 20:57:56
1178345208739205120,1181212179382050816,男士护肤穿搭,由内而外改变自己，散发男人魅力！,2019-11-22 14:08:49,671,34,2020-02-09 20:58:24
1178345206151356416,1181216341805129728,读正经书打发时间,推荐适合上班族或大学生阅读的书,2019-11-22 14:25:21,631,68,2020-02-09 20:59:48
1178345219228225536,1181222880841592832,挽回爱情与关系维护,当当当~一起交流挽回中的点点滴滴以及恋爱关系维护的小技巧~,2019-11-22 14:51:20,401,111,2020-02-09 21:00:11
1178345471801753600,1181223251509952512,夏目的朋友们,如果你喜欢夏目友人账，那你一定很温暖但也很孤独吧，加入我们吧，让我们成为朋友，可以吗？,2019-11-22 14:52:49,1013,144,2020-02-09 20:58:06
1178345203794063360,1181229744288329728,软粉圈,了解关于微软的一切,2019-11-22 15:18:37,106,12,2020-02-09 20:58:36
1178345213473615872,1181230313953558528,小约翰的尬段机器,我是一个没有感情的尬段机器，分享每日吐槽与尬段,2019-11-22 15:20:53,297,34,2020-02-09 20:58:15
1178345201055260672,1181247805753192448,河南理工大学校园圈,明德任责，好学力行，让我们一起建立一个优的圈子，欢迎大家加入属于咱们的圈子哦,2019-11-22 16:30:23,482,203,2020-02-09 21:00:03
1178345201055260672,1181267404146094080,中央财经大学校园圈,忠诚 团结 求实 创新,2019-11-22 17:48:16,686,107,2020-02-09 20:59:39
1178345211176026112,1181334688990539776,电影O美剧O,剧荒必入，一起看电影、追剧啊…,2019-11-22 22:15:38,25801,435,2020-02-09 20:57:47
1178345402679595008,1181544793229942784,p社n萌聊天组,欢迎p社游戏爱好者们聊天,2019-11-23 12:10:30,1348,46,2020-02-09 20:58:30
1178345219228225536,1181547544004558848,句子甜甜圈,"做一个积极向上的人
喝一杯暖暖的蔬果汁
读一些温暖的小句子
见一群可爱的朋友们",2019-11-23 12:21:26,9976,883,2020-02-09 20:57:46
1178345405397508096,1181547778269913088,Rust编程之道,《Rust编程之道》读者圈子，交流读书、学习、编程心得，共同进步。并且还会不定时搞一些学习打卡、主题,2019-11-23 12:22:22,228,18,2020-02-09 20:59:45
1178345203794063360,1181548883645181952,网络推广引流交流圈,定期发布网络营销干货，邀请实战大咖分享知识，一起成长。,2019-11-23 12:26:45,1138,51,2020-02-09 20:58:30
1178345219228225536,1181549719880368128,言情小说推荐,一起分享最好看的言情小说呀,2019-11-23 12:30:05,2387,120,2020-02-09 20:58:09
1178345405397508096,1181549826579304448,外刊精读打卡,外刊阅读，精读爱好者的聚集地,2019-11-23 12:30:30,537,23,2020-02-09 20:58:36
1178345206151356416,1181553250854281216,设计爱好者协会,喜欢设计的同学happy起来,2019-11-23 12:44:07,1527,70,2020-02-09 20:59:05
1178345405397508096,1181562122533736448,专升本学习圈,分享全国统招专升本趋势、报考政策、学习经验交流。,2019-11-23 13:19:22,17155,2177,2020-02-09 20:57:54
1178345206151356416,1181562608020238336,胖胖胖的后花园,一个讨论《东北诡仙录》剧情，以及催更交流的地方,2019-11-23 13:21:18,239,25,2020-02-09 20:59:57
1178345407711830016,1181563191309524992,诗酒趁年华,一蓑烟雨任平生，也无风雨也无晴。,2019-11-23 13:23:37,3700,448,2020-02-09 20:57:57
1178345213473615872,1181564769689030656,架空历史,在另一个位面，也许蒙古征服欧洲，也许苏东赢得冷战……历史总有另一种可能。,2019-11-23 13:29:53,654,40,2020-02-09 20:58:03
1178345405397508096,1181916280302559232,爱翻译,热爱翻译的专业圈子,2019-11-24 12:46:40,3386,148,2020-02-09 20:58:28
1178345203794063360,1181969938822168576,斜杠青年圈,这里是斜杠青年聚集地，大家畅所欲言，分享自己的斜杠故事,2019-11-24 16:19:53,505,27,2020-02-09 20:58:16
1178345206151356416,1181970224885293056,吃不胖学园,【吃货的救赎】每日健身食谱/运动打卡，不用计算热量的科学饮食干货分享，和慕仪一起快乐养成吃不胖体质。,2019-11-24 16:21:01,414,154,2020-02-09 20:59:52
1178345213473615872,1181971634620207104,肥叔的笑园,幽默笑话，开心动图，扫去心上的一切阴霾。,2019-11-24 16:26:37,559,60,2020-02-09 20:57:58
1178345206151356416,1181973674487439360,美图美文社,喜欢美图和美文的朋友，大家可以一起分享哟！,2019-11-24 16:34:44,3896,212,2020-02-09 20:58:32
1178345206151356416,1181974056830832640,健身交流圈,爱健身的毛睿们，一起来交流,2019-11-24 16:36:15,1272,143,2020-02-09 20:59:32
1178345405397508096,1181975952321568768,高效学习方法,不论你是小学生中学生大学生还是已经毕业了，都可以来这里，一起交流与讨论好的学习方法。,2019-11-24 16:43:47,6274,201,2020-02-09 20:58:02
1178345206151356416,1181976167790432256,钓鱼心得交流圈,交流钓鱼心得，经验，等等,2019-11-24 16:44:38,171,27,2020-02-09 20:59:15
1178345471801753600,1181976578405310464,我的英雄学院,理性、客观的在知乎上讨论小英雄。,2019-11-24 16:46:16,203,18,2020-02-09 20:58:13
1178345405397508096,1181976791588282368,专科考研交流圈,为想考研的专科生提供交流平台 互相分享经验。,2019-11-24 16:47:07,3197,384,2020-02-09 20:58:38
1178345206151356416,1181978335214800896,C4D软件技术交流,一起交流C4D软件相关的问题、技巧,2019-11-24 16:53:15,94,9,2020-02-09 20:59:04
1178345203794063360,1181978835758747648,前端娱乐圈,前端/Web 技术的交流社区,2019-11-24 16:55:14,784,33,2020-02-09 20:58:51
1178345203794063360,1181981795754594304,我们都是直播从业者,本圈子是直播行业的主播，主播运营人员及直播平台官方互通信息，为提升整个行业的水平而持续贡献价值。,2019-11-24 17:07:00,775,41,2020-02-09 20:59:17
1178345407711830016,1181982473948364800,哲学交流讨论圈,哲学爱好者探讨哲学与人生相关话题。,2019-11-24 17:09:41,2229,232,2020-02-09 20:58:00
1178345208739205120,1181983216713474048,一起护肤吧,姐妹们一起来护肤一起变美~,2019-11-24 17:12:39,3649,171,2020-02-09 20:57:50
1178345219228225536,1181984193591169024,假寐先生,你的深夜树洞,2019-11-24 17:16:31,147,29,2020-02-09 20:59:05
1178345208739205120,1181984263171403776,胖厨的美食,在哪吃？吃什么？如何吃？这还是很有讲究的。,2019-11-24 17:16:48,235,12,2020-02-09 20:58:35
1178345219228225536,1181985796037558272,被出轨姐妹圈,被出轨的女人，是个特殊的群体，大家都有同样的心路历程。同时，大家需要避免踩的坑也一样。这里可以帮到你,2019-11-24 17:22:54,1642,183,2020-02-09 20:59:00
1178345206151356416,1181986296188354560,电子垃圾爱好者,快乐捡垃圾，圆自己当年的梦。,2019-11-24 17:24:53,165,16,2020-02-09 20:59:37
1178345405397508096,1181988271121530880,小英语,0-6岁幼儿英语启蒙分享圈，欢迎对孩子英语启蒙有想法的宝爸宝妈加入你哦！小小的英语，大大的世界~,2019-11-24 17:32:44,768,64,2020-02-09 20:59:35
1178345219228225536,1181988971361472512,表白墙与心事树洞,求不得爱别离不需要憋在心里，来这里说出你的故事。,2019-11-24 17:35:31,426,95,2020-02-09 21:00:03
1178345405397508096,1181989336253366272,自学编程,编程自学者的交流圈,2019-11-24 17:36:58,811,26,2020-02-09 20:59:07
1178345407711830016,1181989410684563456,紫砂壶交流圈,紫砂壶爱好者泥料、工艺交流！,2019-11-24 17:37:15,311,47,2020-02-09 21:00:17
1178345405397508096,1181989822843023360,自考交流圈,自考的路上，你并不孤单,2019-11-24 17:38:54,242,28,2020-02-09 20:58:37
1178345203794063360,1181990224996999168,工业设计交流圈,关于设计的一切,2019-11-24 17:40:29,2975,145,2020-02-09 20:58:09
1178345402679595008,1181990483717554176,东方project,东方Project，简称东方，是日本三大同人游戏社团之一上海爱丽丝幻乐团制作的一系列同人作品,2019-11-24 17:41:31,300,33,2020-02-09 20:58:46
1178345405397508096,1181991033897009152,萌娃爱书俱乐部,诚邀所有期待萌娃们爱上阅读，养成良好阅读习惯，通过阅读学习英语学习科学认识世界的爸爸妈妈们的加入，,2019-11-24 17:43:42,183,46,2020-02-09 20:59:29
1178345206151356416,1181999384613625856,二手苹果机圈,我的iphone就是这么香！！,2019-11-24 18:16:53,1335,257,2020-02-09 21:00:06
1178345405397508096,1181999597584560128,法学狗联盟,全世界法学生联合起来！,2019-11-24 18:17:44,754,15,2020-02-09 20:59:50
1178345208739205120,1182000018469441536,喵喵折APP家电数码圈,分享家电数码相关内容，选购知识、使用知识。,2019-11-24 18:19:24,260,15,2020-02-09 20:59:03
1178345219228225536,1182000106990211072,海蓝情感港湾,欢迎知乎上的小伙伴进驻港湾畅所欲言,2019-11-24 18:19:46,123,16,2020-02-09 20:59:17
1178345471801753600,1182000180591865856,鬼灭之刃交流圈,喜欢鬼灭之刃的漫迷请进来,2019-11-24 18:20:03,974,164,2020-02-09 20:58:11
1178345405397508096,1182002733597638656,日语能力考试JLPT,学日语，看这里！目标日语能力考第一圈子，分享干货。有点日语学习汇总，霓虹文化浅谈…,2019-11-24 18:30:12,779,28,2020-02-09 20:58:56
1178345206151356416,1182003279259766784,地图派,地图派，地图资源实力派！,2019-11-24 18:32:22,572,40,2020-02-09 20:58:53
1178345405397508096,1182003576540389376,教师资格证考试圈,分享干货资料，考试经验，发布最新考试信息，互助答疑。,2019-11-24 18:33:33,8819,544,2020-02-09 20:58:05
1178345219228225536,1182003741874716672,九颜的失恋博物馆,有人在倾听，则失恋不再可怕,2019-11-24 18:34:12,254,24,2020-02-09 20:59:11
1178345206151356416,1182004023279878144,智能电视交流圈,智能电视行业交流,2019-11-24 18:35:19,2010,208,2020-02-09 20:59:32
1178345407711830016,1182004306201612288,写诗交流圈,欢迎诗歌交流，写诗、读诗、评诗、交友。,2019-11-24 18:36:27,300,75,2020-02-09 20:59:10
1178345405397508096,1182004382999310336,科学发声,分享声音纠正小技巧,2019-11-24 18:36:45,282,25,2020-02-09 20:58:45
1178345208739205120,1182004495910871040,美好生活研究所,什么英雄梦想都比不上经营好自己的现世当刻；生活可以有多美好，我们都是研究生，欢迎来到美好生活研究所~,2019-11-24 18:37:12,218,11,2020-02-09 20:59:31
1178345203794063360,1182004907716087808,BIOS和UEFI,BIOS和UEFI从业者和爱好者的精神家园，硬件发烧友的聚集地,2019-11-24 18:38:50,930,71,2020-02-09 21:00:05
1178345206151356416,1182005152537542656,鬼神花园,喜欢鬼神故事的小朋友的后花园,2019-11-24 18:39:48,382,13,2020-02-09 20:58:58
1178345405397508096,1182005194153521152,作文学霸养成圈,与「作文纸条」一起在作文满分的边缘试探哇！分享素材、写作技法；打卡摘抄、晒作文；交流语文学习心得~,2019-11-24 18:39:58,2796,189,2020-02-09 20:58:22
1178345208739205120,1182005231554007040,苏州生活指南,苏州就是天堂,2019-11-24 18:40:07,429,98,2020-02-09 20:59:14
1178345405397508096,1182007646047158272,各类考证资料圈,各种考证经验分享交流，资料推荐，考试技巧等，让备考更简单！,2019-11-24 18:49:43,2757,90,2020-02-09 20:58:56
1178345206151356416,1182008028155613184,朋友圈文案交流基地,用简单的文字表达心声，记录生活,2019-11-24 18:51:14,3815,208,2020-02-09 20:59:22
1178345405397508096,1182008109953855488,教育培训行业运营交流,专注于教育培训行业运营管理,2019-11-24 18:51:34,590,20,2020-02-09 21:00:00
1178345206151356416,1182008301461671936,末代魅友,进来共同分享（缅怀）关于你与魅族之间发生过什么故事的圈子。,2019-11-24 18:52:19,159,36,2020-02-09 21:00:13
1178345402679595008,1182008513404006400,GalGame圈,美少女游戏玩家交流圈,2019-11-24 18:53:10,2626,228,2020-02-09 20:57:54
1178345206151356416,1182008816052408320,珠宝爱好者协会,普及珠宝知识 分享行业信息,2019-11-24 18:54:22,168,21,2020-02-09 20:58:47
1178345405397508096,1182008895156961280,湖北普通专升本学习圈,湖北省选择专升本的专科生与升本成功的学长学姐们交流学习的好平台！,2019-11-24 18:54:41,143,14,2020-02-09 20:59:24
1178345206151356416,1182009076211552256,明美无限和他的果粉们,只分享苹果、iPhone、iOS最新那些事。,2019-11-24 18:55:24,73,70,2020-02-09 20:59:47
1178345405397508096,1182009224393093120,英文悦读,讨论英文学习以及英语文化知识,2019-11-24 18:55:59,628,17,2020-02-09 20:58:50
1178345405397508096,1182009387688980480,法律硕士考研交流圈,法硕考研人的经验交流；法硕备考者的问题探讨。,2019-11-24 18:56:38,207,19,2020-02-09 20:59:13
1178345407711830016,1182009541033611264,网文女频晋江风,网文界咸鱼，咸鱼界小清新。,2019-11-24 18:57:15,250,62,2020-02-09 20:59:47
1178345206151356416,1182009592300593152,喝杯咖啡压压惊,能有啥事儿是一杯咖啡解决不了的？加入咖啡精的圈子一起讨论吧,2019-11-24 18:57:27,394,83,2020-02-09 20:59:21
1178345206151356416,1182009743480184832,跟CC学唱歌,跟CC学唱歌，让唱歌理论变的通俗易懂 CCSING2018,2019-11-24 18:58:03,1173,69,2020-02-09 20:59:42
1178345211176026112,1182011323684200448,恐怖电影圈,快来一起做噩梦吧,2019-11-24 19:04:20,2459,79,2020-02-09 20:57:52
1178345206151356416,1182011426473918464,Track Cat,一群热爱汽车，热爱赛道的人,2019-11-24 19:04:44,143,12,2020-02-09 20:59:27
1178345206151356416,1182011436909375488,维术不多的知乎圈子,维术不多的知乎圈子,2019-11-24 19:04:47,146,20,2020-02-09 20:59:47
1178345405397508096,1182011548573421568,大学的共鸣,分享各种大学常用的、好用的应用；分享各种有趣、有意义的事；分享各种思考、思辨；分享各种逗比日常。,2019-11-24 19:05:13,419,55,2020-02-09 21:00:00
1178345203794063360,1182012003009458176,另类的咖啡理论和技术,如果你发现，现有的咖啡理论和技术无法帮助你做好咖啡，如果你想开始了解咖啡，喀法咖啡会给你一个惊喜。,2019-11-24 19:07:02,273,13,2020-02-09 20:59:30
1178345206151356416,1182012278684274688,茶味研究所,关注茶味，认真聊茶,2019-11-24 19:08:07,484,52,2020-02-09 20:59:10
1178345405397508096,1182012375934349312,备战在职研究生交流圈,在职研究生的申请、择校、考试、就业、含金量，等等等等，一起在这里交流,2019-11-24 19:08:31,414,23,2020-02-09 20:59:13
1178345206151356416,1182012449329557504,圣明拳击,拳击也可以是生活的一部分,2019-11-24 19:08:48,81,54,2020-02-09 20:59:21
1178345405397508096,1182012808181628928,系统教育驿站,重塑自我，成为孩子教育成长的系统教育者，为孩子重塑健康快乐高效的成长环境，给孩子系统培养，童心教育！,2019-11-24 19:10:14,762,268,2020-02-09 20:59:51
1178345407711830016,1182012855406243840,诗说历史,读诗词，品历史，欢迎大家加入我们，一起去感受诗词背后动人的历史故事,2019-11-24 19:10:25,261,34,2020-02-09 20:59:26
1178345405397508096,1182013336035692544,成人教育,无所学，则无所知。,2019-11-24 19:12:20,436,51,2020-02-09 20:59:55
1178345405397508096,1182013373935403008,MBA备考互助圈,MBA考生圈子，分享择校、提面、笔试、复试、工作职场等经验与干货。,2019-11-24 19:12:29,172,45,2020-02-09 20:59:07
1178345206151356416,1182014109984555008,思维导图圈,和思维导图爱好者一起学习思维导图，分享思维导图，使用思维导图。,2019-11-24 19:15:24,7499,128,2020-02-09 20:58:17
1178345206151356416,1182014114103353344,头像壁纸美图圈,在这里大家可以分享自己喜欢的头像和壁纸哟，互相交流讨论，可把身边的美景拍下来分享大家一起欣赏,2019-11-24 19:15:25,32542,1959,2020-02-09 20:57:47
1178345211176026112,1182014166750224384,剪辑爱好者的小窝,剪辑初学者之家、剪辑学习交流，剪辑思维提升，剪辑技巧沟通与讨论，系统性的学习剪辑知识,2019-11-24 19:15:38,2182,52,2020-02-09 20:58:03
1178345206151356416,1182014333163442176,机械键盘圈,机械键盘玩家聚集地，关联客制化、键帽等等。,2019-11-24 19:16:17,292,13,2020-02-09 20:59:27
1178345407711830016,1182014374813794304,随兴而读,善读者玩索而有得,2019-11-24 19:16:27,1682,1206,2020-02-09 20:58:20
1178345407711830016,1182014419307053056,诗词之美,欢迎大家一起讨论诗词、对联、古人故事……琴棋书画一起聊起来~,2019-11-24 19:16:38,2033,309,2020-02-09 20:58:03
1178345206151356416,1182016605557673984,吃货一朵朵,总有一些味道让陌生的我们一见如故，最妙的遇见大约就是“你爱吃的我也爱吃”，没错，爱吃的灵魂总会相遇。,2019-11-24 19:25:19,585,64,2020-02-09 20:59:04
1178345206151356416,1182016656796196864,太极拳交流圈,欢迎喜欢太极拳的朋友来聊天！,2019-11-24 19:25:31,169,51,2020-02-09 20:59:16
1178345471801753600,1182016710181294080,次元情报室,ACGN文化聚集地，每日新鲜次元资讯。欢迎各位小伙伴前来聊天、交友、讨论动画游戏等ACGN话题。,2019-11-24 19:25:44,314,25,2020-02-09 20:58:21
1178345201055260672,1182251700001419264,上海师范大学校园圈,欢迎shnu的朋友们！,2019-11-25 10:59:30,188,40,2020-02-09 20:59:54
1178345219228225536,1182252211916206080,恋爱那些事,欢迎大家的加入，这个圈子的成立，是为了给大家提供一个倾述自己的情感故事或者是关于恋爱问题的小平台。,2019-11-25 11:01:32,377,30,2020-02-09 20:58:49
1178345201055260672,1182252310461366272,浙江大学求是园,求是创新,2019-11-25 11:01:56,1919,81,2020-02-09 20:57:54
1178345201055260672,1182253577753513984,首都经济贸易大学校园圈,崇德尚能 经世济民,2019-11-25 11:06:58,70,10,2020-02-09 20:59:12
1178345405397508096,1182258415111483392,欧洲留学申请,欧陆，北欧，英国留学申请交流,2019-11-25 11:26:11,1255,67,2020-02-09 20:59:45
1178345402679595008,1182259102426886144,德州扑克玩家交流圈,最具策略性和逻辑性的纸牌游戏,2019-11-25 11:28:55,1080,74,2020-02-09 20:58:04
1178345405397508096,1182260098343432192,最优秀的练字打卡圈,逆袭渣字！练就对了！,2019-11-25 11:32:52,1368,184,2020-02-09 20:58:32
1178345405397508096,1182262313275686912,板鸭星球,西班牙语学习～,2019-11-25 11:41:40,389,86,2020-02-09 20:58:55
1178345402679595008,1182266394305069056,TNO研讨会,钢铁雄心4架空历史mod—TNO的相关讨论和leak搬运,2019-11-25 11:57:53,182,32,2020-02-09 20:59:14
1178345201055260672,1182267157718757376,苏州大学校友圈,姑苏城里的快乐时光,2019-11-25 12:00:55,261,35,2020-02-09 20:58:29
1178345471801753600,1182268321188294656,漫漫国漫路,讨论国漫的一切,2019-11-25 12:05:33,618,78,2020-02-09 20:58:16
1178345405397508096,1182308820163964928,英语口语圈,在这里，提升口语多一点！,2019-11-25 14:46:28,322,35,2020-02-09 20:59:01
1178345206151356416,1182311572428488704,汉服交流圈,汉服 汉服复兴 汉服爱好者的交流圈,2019-11-25 14:57:25,1724,88,2020-02-09 20:58:48
1178345206151356416,1182312896876380160,Dirt不Dirtbag,攀岩是种运动，更是一种生活方式。在这里聊聊攀爬和岩场，分享心得和装备。不分水平，不分哪种攀岩类型。,2019-11-25 15:02:40,62,10,2020-02-09 20:59:32
1178345206151356416,1182313619978657792,仓鼠爱好者大会,仓鼠、毛丝鼠（龙猫）、豚鼠（荷兰猪）、花枝鼠、缎子鼠、沙鼠、睡鼠、飞鼠、跳鼠、松鼠欢迎来到吱星,2019-11-25 15:05:33,1164,343,2020-02-09 20:59:48
1178345201055260672,1182320756884713472,BUPT校园圈,No error，no warning！,2019-11-25 15:33:54,717,49,2020-02-09 20:58:41
1178345471801753600,1182321210665480192,火影忍者同好圈,只要有树叶飞舞的地方就会有火在燃烧，那火光会照耀着村子，然后新的树叶会再次萌芽。,2019-11-25 15:35:43,1083,97,2020-02-09 20:57:56
1178345208739205120,1182323357063827456,读书育儿圈,读好书，买好物，玩绘本，开启英语启蒙，研究育儿绝招，吐槽养育路上的酸甜苦辣咸！,2019-11-25 15:44:14,1339,216,2020-02-09 20:58:26
1178345208739205120,1182325929823727616,装修设计圈,这是一个家居装修的圈子，这里有大量的装修干货，家居好物、装修案例效果图、装修经验。加入进来一起分享、,2019-11-25 15:54:28,1411,352,2020-02-09 20:58:13
1178345405397508096,1182326101472440320,心理学考研小树洞,心理学考研童鞋来这里吐槽鸭，分享经验鸭，分享自己的心理学相关经历鸭。造作起来鸭。>_<,2019-11-25 15:55:09,642,20,2020-02-09 20:58:38
1178345206151356416,1182326361778319360,白山羊时尚生活,喜欢小说的宝宝们都进来吧,2019-11-25 15:56:11,356,113,2020-02-09 20:58:52
1178345206151356416,1182326705304416256,手机情报站,信息爆料，真机上手，手机摄影，测评内容，总之，和手机有关的一切，都可以在这里。,2019-11-25 15:57:33,1231,65,2020-02-09 21:00:02
1178345405397508096,1182334247145349120,伪科学见闻圈,分享并驳斥大家见到的形形色色的伪科学内容。科普工作人人有责。,2019-11-25 16:27:31,351,22,2020-02-09 20:58:55
1178345471801753600,1182334491241234432,火凤燎原交流圈,欢迎各位同好，踏入八奇的思考领域,2019-11-25 16:28:29,202,32,2020-02-09 20:58:31
1178345405397508096,1182335650567847936,强者人生,做懂规则，用规则的强者,2019-11-25 16:33:05,174,11,2020-02-09 20:58:35
1178345206151356416,1182335704083918848,设计补给站,这是一个没有甲方的设计交流圈子,2019-11-25 16:33:18,1976,129,2020-02-09 20:59:16
1178345206151356416,1182335744986808320,手机圈的那些事儿,聊聊手机圈的八卦，谈谈手机行业的发展趋势。,2019-11-25 16:33:28,841,41,2020-02-09 20:58:59
1178345206151356416,1182336009583493120,笔记本电脑推荐,欢迎大家来找我推荐笔记本电脑，留下需求和预算我会有空的时候回复,2019-11-25 16:34:31,6226,670,2020-02-09 20:58:00
1178345208739205120,1182337020456873984,葛巾的摘瓜圈,品质生活私货,2019-11-25 16:38:32,2161,68,2020-02-09 20:59:56
1178345219228225536,1182339748215005184,广东单身青年圈,广东优质单身青年聚集地，为广大优质青年提供一个相互曝光了解的平台,2019-11-25 16:49:22,2622,589,2020-02-09 20:58:06
1178345201055260672,1182340486597124097,中国人民大学校园圈,国民表率，社会栋梁,2019-11-25 16:52:18,770,46,2020-02-09 20:58:04
1178345195124490240,1182342593144389632,周星驰后援团,演了一辈子悲剧，结果被世人当成喜剧。,2019-11-25 17:00:41,647,47,2020-02-09 20:59:36
1178345208739205120,1182353709969981440,搬家小助手,搬家有疑问，这里有答案。,2019-11-25 17:44:51,44,6,2020-02-09 20:59:09
1178345203794063360,1182354745779515392,被拯救程序猿计划,我是一个程序猿，所谓不能让给非程序员群体介绍程序猿的程序猿不是好月老。所以我们有了 拯救程序猿计划。,2019-11-25 17:48:58,133,24,2020-02-09 21:00:09
1178345201055260672,1182611037467074560,东北师范大学校园圈,勤奋创新，为人师表。,2019-11-26 10:47:23,328,64,2020-02-09 20:58:44
1178345201055260672,1182611126586736640,北方民族大学校园圈,宁夏回族自治区银川市北方民族大学,2019-11-26 10:47:44,53,7,2020-02-09 20:59:54
1178345208739205120,1182615234433544192,今天吃什么,致力于解决“每天吃什么好”的选择困难症。,2019-11-26 11:04:03,699,193,2020-02-09 20:58:21
1178345203794063360,1182615897734316032,打印机圈子,打印机选购、使用、维修、技术交流圈子，圈内有专业人士在线为你解答各种疑问,2019-11-26 11:06:41,484,59,2020-02-09 21:00:07
1178345206151356416,1182616314781409280,尤克里里音乐圈,这里有关于尤克里里的教学、分享和最新资讯，是尤克里里玩家的专属圈子。,2019-11-26 11:08:21,651,26,2020-02-09 20:59:57
1178345405397508096,1182618268367564800,学习资料共享,共享各种学习资料,2019-11-26 11:16:07,2744,162,2020-02-09 20:58:12
1178345203794063360,1182618509514870784,运营增长社,一个专注于品牌营销与运营增长的圈子,2019-11-26 11:17:04,776,26,2020-02-09 20:59:53
1178345405397508096,1182618670243778560,留学内参,艺术留学 机构推荐 作品集详解 专业介绍 留学流程 艺术留学各类问题,2019-11-26 11:17:42,111,47,2020-02-09 20:59:35
1178345405397508096,1182620468208631808,WPS Office学习圈,WPS Office官方学习圈，日常学习，共同进步,2019-11-26 11:24:51,736,33,2020-02-09 21:00:09
1178345206151356416,1182623017082028032,白酒爱好者,白酒那些事儿,2019-11-26 11:34:59,206,27,2020-02-09 20:59:52
1178345407711830016,1182623937979273216,马基雅维利时刻,专栏神圣武装的官方圈子，欢迎各位谈天说地,2019-11-26 11:38:38,82,13,2020-02-09 20:59:15
1178345211176026112,1182625166647054336,影视迷综圈,走在娱乐最前沿，叭叭娱乐圈有趣的事。,2019-11-26 11:43:31,1686,590,2020-02-09 20:58:15
1178345219228225536,1182627412993683456,南京单身汪聚集地,给南京的单身汪一个平台嗷,2019-11-26 11:52:27,837,139,2020-02-09 21:00:11
1178345405397508096,1182628769578381312,大学生成长进阶圈,一起成长、分享生活吧。,2019-11-26 11:57:50,2569,236,2020-02-09 20:58:19
1178345203794063360,1182628846817443840,健身行业夜明灯,健身业互相交流学习，互通有无，共同成长，资源流通的圈子。,2019-11-26 11:58:09,569,15,2020-02-09 20:59:02
1178345219228225536,1182628979008409600,珠海单身汪,随手解决珠海单身汪,2019-11-26 11:58:40,147,51,2020-02-09 20:58:59
1178345206151356416,1182629692737282048,木头人的文玩圈,不太正经的木头人，正经的陪大家玩木头。,2019-11-26 12:01:30,363,150,2020-02-09 21:00:16
1178345407711830016,1182629823654027264,创造问题！启发智慧！,问题！问题！问题！重要的事情说三遍。带着问题来！带着问题走！如果你没有问题了！这个世界就有问题了！,2019-11-26 12:02:02,318,45,2020-02-09 21:00:06
1178345405397508096,1182656843296571392,学英语点滴,英语学习经历和资料推荐,2019-11-26 13:49:24,260,21,2020-02-09 20:59:55
1178345206151356416,1182659278279757824,爱猫小组,云吸猫 养猫知识交流等，科学养猫，爱护小动物，发布猫咪领养消息（核实确认后的可靠消息）分享养猫趣事。,2019-11-26 13:59:04,430,65,2020-02-09 20:58:58
1178345206151356416,1182971417757483008,AirPods&TWS,AirPods分享，TWS比较。挺计算音频，反hifi原教旨,2019-11-27 10:39:24,838,40,2020-02-09 21:00:10
1178345206151356416,1182971825579048960,唱歌爱好者,一起交流与学习演唱相关的一切问题。解答老师：Da老师,2019-11-27 10:41:01,575,55,2020-02-09 21:00:02
1178345405397508096,1182973609588469760,Anki高考,一起用Anki备战高考！,2019-11-27 10:48:07,194,28,2020-02-09 20:59:19
1178345203794063360,1182974074367700992,电脑技术圈,交流电脑技术、电脑知识、电脑技巧、软件、硬件等知识,2019-11-27 10:49:57,2995,214,2020-02-09 20:57:49
1178345407711830016,1183028329489244160,汤小姨的成长营,所有有趣的青年，能聚在一起找到乐趣，收获成长。,2019-11-27 14:25:33,344,131,2020-02-09 20:59:57
1178345405397508096,1183037943290273792,考研学习圈,考研人学习分享交流,2019-11-27 15:03:45,169,37,2020-02-09 21:00:08
1178345206151356416,1183037969866334208,当当的学茶,茶叶很复杂，谁都掌握不了全部。尽力做点好事，说的不好，就当抛砖引玉。赠人玫瑰手有余香嘛,2019-11-27 15:03:51,475,99,2020-02-09 21:00:13
1178345201055260672,1183102102787837952,河北科技师范学院校园圈,这里充满着敏学、修身、乐业、创新的气息,2019-11-27 19:18:42,98,50,2020-02-09 21:00:03
1178345208739205120,1183336166660718592,多肉植物交流圈,了解多肉植物，展示多肉植物，解决多肉植物的各种问题,2019-11-28 10:48:47,540,95,2020-02-09 20:58:15
1178345407711830016,1183338590423093248,美术生交流圈,美术生聚集地，美术艺考资讯共享圈,2019-11-28 10:58:25,1031,174,2020-02-09 20:58:24
1178345195124490240,1183339525065134080,影视人物圈,成功人物，身上总存在着寻常人难以比拟的“过人之处”，我们来讨论影视、人物，是期望挖掘他们身上的闪光点,2019-11-28 11:02:08,383,43,2020-02-09 20:58:57
1178345405397508096,1183340554720534528,一起学Photoshop,设计经验分享，软件实操教程，优秀案例分析,2019-11-28 11:06:13,7107,93,2020-02-09 20:57:59
1178345201055260672,1183371868650909696,安徽大学校园圈,安徽大学在你脚下，你是什么，安徽大学就是什么。,2019-11-28 13:10:39,1521,113,2020-02-09 21:00:04
1178345405397508096,1183381453180764160,国内外要闻第一线,国内外新闻爱好者的秘密基地,2019-11-28 13:48:44,108,25,2020-02-09 20:59:39
1178345206151356416,1183697039530135552,苹果产品讨论区,Apple用户交流,2019-11-29 10:42:46,1802,49,2020-02-09 20:59:16
1178345206151356416,1183697494231351296,猫咪和我,挑剔养猫星人，不多花一分钱！,2019-11-29 10:44:34,711,652,2020-02-09 20:59:42
1178345405397508096,1183698691398090752,中级注册安全工程师圈,心之所至，安全等随，注安考证人的交流圈。,2019-11-29 10:49:20,460,75,2020-02-09 20:59:40
1178345402679595008,1183700727313240064,扫雷交流圈,沟通进步，分享喜悦~,2019-11-29 10:57:25,74,32,2020-02-09 20:59:46
1178345219228225536,1183731605348220928,江西单身狗舍,江西单身狗聚集地,2019-11-29 13:00:07,409,72,2020-02-09 21:00:07
1178345219228225536,1184780649340239872,每天情话分享,每天两三条情话分享培养大家情话感觉，我们用一年一千多条情话祝福大家有情人终成眷属！,2019-12-02 10:28:38,3709,363,2020-02-09 20:58:01
1178345208739205120,1184781133732032512,泰安装修交流圈,解决装修中的各种疑问，让装修更简单,2019-12-02 10:30:34,47,32,2020-02-09 20:58:37
1178345208739205120,1184783599616954368,加拿大移民圈,加拿大移民政策解析，经验分享，留学、移民生活吐槽,2019-12-02 10:40:22,191,14,2020-02-09 20:58:39
1178345208739205120,1184784822668496896,保颜俱乐部,要有趣的灵魂也要好看的皮囊,2019-12-02 10:45:13,848,712,2020-02-09 20:58:06
1178345195124490240,1184785525360320512,EXO的EXO-L,欢迎各位爱丽们加入圈子，一起讨论一下自己对EXO的爱吧,2019-12-02 10:48:01,1348,92,2020-02-09 20:58:21
1178345208739205120,1184786799355006976,北京租房圈,北京出租、租房、合租等住房有关需求发布,2019-12-02 10:53:05,675,54,2020-02-09 20:58:18
1178345206151356416,1184788494743990272,F1世界锦标赛圈,热爱赛车，喜欢F1，这就是属于你的圈子。,2019-12-02 10:59:49,49,36,2020-02-09 21:00:16
1178345402679595008,1184788615418290176,刀塔圈,DOTA2玩家的交流圈,2019-12-02 11:00:18,2600,97,2020-02-09 20:58:19
1178345219228225536,1184791000965500928,知心话,讲讲平时难以开口的那些话。欢迎关注情绪健康(抑郁&焦虑)、追求幸福的朋友们，欢迎心理学及哲学爱好者。,2019-12-02 11:09:46,137,57,2020-02-09 20:59:48
1178345201055260672,1184791691655012352,西北农林科技大学校园圈,诚朴勇毅 诚朴勇毅,2019-12-02 11:12:31,313,62,2020-02-09 20:59:29
1178345405397508096,1184792664423145472,面试那些事,分享面试干货，吐槽奇葩HR，帮大家进入心仪公司！,2019-12-02 11:16:23,252,85,2020-02-09 20:59:45
1178345203794063360,1184793317987057664,数据分析,玩转职场数据分析,2019-12-02 11:18:59,1015,31,2020-02-09 20:58:11
1178345203794063360,1184793559558963200,归国创业那点事儿,归国创业者交流平台。我们想说的、我们想做的，在这里，你都可以畅所欲言。寻找你的最佳拍档～,2019-12-02 11:19:57,146,19,2020-02-09 20:58:42
1178345206151356416,1184793722394423296,小米米粉圈,米粉们的聚集地,2019-12-02 11:20:35,663,66,2020-02-09 20:59:57
1178345407711830016,1184799999597244416,忆古龙,小李飞刀成绝响  人间不见楚留香,2019-12-02 11:45:32,192,23,2020-02-09 20:58:57
1178345201055260672,1184800966330781696,蚌埠医学院校园圈,蚌医学子们的高质量交流讨论圈！让我们一起成长，成为优秀的医务工作者！,2019-12-02 11:49:22,156,8,2020-02-09 21:00:07
1178345471801753600,1184801001704570880,Ayesha的炼金工坊,做个快乐阿宅，这个小圈子就像是炼金炉，关于ACG的话题都可以聊的说✓,2019-12-02 11:49:31,99,30,2020-02-09 20:58:26
1178345201055260672,1184801532317536256,安徽财经大学校园圈,Aufers’知乎大本营！,2019-12-02 11:51:37,265,17,2020-02-09 21:00:11
1178345219228225536,1184802432101531648,山西单身狗脱单圈,简单交友,2019-12-02 11:55:12,206,38,2020-02-09 20:59:11
1178345195124490240,1184805215986954240,张国荣的哥斯拉小窝,时光洗礼，唯有风采留低,2019-12-02 12:06:16,3111,417,2020-02-09 20:58:24
1178345206151356416,1184806753378795520,从零开始写Rap,说唱音乐/制作人/Rapper/干货推荐、话题互动、精彩活动展示。,2019-12-02 12:12:22,385,18,2020-02-09 20:59:10
1178345219228225536,1184807597290536960,异国情缘之中外联姻,这是一个讲述跨国恋情的圈子，在这里我们可以分享生活中跟洋媳妇、洋老公的点点滴滴，记录我们的爱情故事。,2019-12-02 12:15:43,74,23,2020-02-09 20:59:06
1178345203794063360,1184811795146137600,声学爱好者,声学从业者和爱好者的交流平台,2019-12-02 12:32:24,319,29,2020-02-09 20:59:35
1178345405397508096,1184814384903254016,建造师交流圈,一级、二级建造师报名、考试、注册经验交流,2019-12-02 12:42:42,413,26,2020-02-09 20:59:30
1178345407711830016,1184815631457857536,地图密码,你发现隐藏在地图中的小秘密了吗？,2019-12-02 12:47:39,989,154,2020-02-09 20:59:04
1178345201055260672,1184831298458378240,中传南广学院大草坪,讨论相关疑问，分享校园轶事，增强专业交流。当然，最重要的是交朋友啦～,2019-12-02 13:49:54,288,143,2020-02-09 20:59:00
1178345201055260672,1184886972760518656,中国石油大学（华东）圈,中国石油大学（华东）校园相关讨论圈,2019-12-02 17:31:08,315,60,2020-02-09 20:58:55
1178345407711830016,1184927253938565120,DrYao欧陆哲学研习社,Dr.Yao和热情乎友讨论大陆哲学的小天地，主要是康德尼采叔本华海德格尔福柯萨特德勒兹弗洛伊德。,2019-12-02 20:11:12,609,22,2020-02-09 20:59:31
1178345203794063360,1184927617919266816,兰州装修,分享装修知识与装修视频。带你轻松搞懂装修。,2019-12-02 20:12:39,93,116,2020-02-09 20:58:36
1178345206151356416,1184932674928664576,y园糖插画设计,欢迎喜欢插画的小伙伴一起来学习交流，我们是一群乐于分享，坚持将美好的插画、设计带给需要新鲜能量的你。,2019-12-02 20:32:44,2470,209,2020-02-09 20:59:43
1178345203794063360,1185155175555174400,广告天天圈,广告人交流圈，分享你每天的广告心得。,2019-12-03 11:16:52,175,41,2020-02-09 20:59:20
1178345407711830016,1185163268468936704,读在南京,这里是读在南京，我们说说故事，说说人生，读读书，期待加入,2019-12-03 11:49:02,151,65,2020-02-09 20:58:47
1178345211176026112,1185164556200017920,新剧避雷针,大家一起来避雷，追剧人的天堂,2019-12-03 11:54:09,226,35,2020-02-09 20:58:28
1178345405397508096,1185201250659880960,心理学考研圈,你是否对心理学感兴趣，是否想深造考个心理学研究生，想的话就来吧，学姐带你一起备考心理学研究生,2019-12-03 14:19:58,2627,94,2020-02-09 20:58:46
1178345211176026112,1185505857634258944,庆余年圈,庆历四年春，滕梓荆谪守巴陵郡。,2019-12-04 10:30:22,38135,359,2020-02-09 20:57:57
1178345206151356416,1185544489032142848,电脑配置组装圈,组装电脑配置  解决电脑问题  有兴趣的朋友一起来探讨 研究 争取给大家配出最满意的配置,2019-12-04 13:03:52,257,25,2020-02-09 20:59:37
1178345219228225536,1185544638025494528,安徽单身聚集地,互相认识认识,2019-12-04 13:04:28,365,92,2020-02-09 20:59:38
1178345206151356416,1185545319407816704,互联网创业杂谈,分享互联网创业最新动向，和知友一起成长,2019-12-04 13:07:10,726,65,2020-02-09 20:59:32
1178345203794063360,1185550759017545728,音乐幕后从业者,这里是音乐幕后工作从业者的圈子，我们将在这里吹水聊天，交流工作经验，共享业内动态。,2019-12-04 13:28:47,125,16,2020-02-09 20:58:45
1178345201055260672,1185552402764324864,墨尔本大学UMEL校园圈,澳洲第一大学，墨尔本大学学生圈。分享澳洲留学，墨尔本和墨大的信息，共同进步，祝大家学业有成。,2019-12-04 13:35:19,395,33,2020-02-09 20:58:44
1178345405397508096,1185554262909714432,山东专升本交流圈,山东省专升本的各位小可爱们都可以在里面学习打卡，交流谈心！学姐也会尽力为大家更新山东专升本的动态哒！,2019-12-04 13:42:42,431,78,2020-02-09 21:00:08
1178345203794063360,1185554710763933696,BIM交流圈,关注建筑工程科技前沿，学习BIM知识。,2019-12-04 13:44:29,823,28,2020-02-09 21:00:11
1178345208739205120,1185555867650420736,成都同城交友,欢迎在成都生活的知友们加入~,2019-12-04 13:49:05,129,29,2020-02-09 20:59:46
1178345405397508096,1185559195172118528,计算机考研交流,计算机考研，大家一起加油！,2019-12-04 14:02:18,904,80,2020-02-09 20:59:13
1178345471801753600,1185560047114993664,终将成为你同好圈,喜爱《终将成为你》以及同类型作品的同好聚集地,2019-12-04 14:05:41,153,18,2020-02-09 20:58:24
1178345405397508096,1185561713246801920,学车考驾照,作为一名专业的汽车教练，为广大计划考驾照、已经在考、毕业了在驾驶过程中遇到各种疑难杂症进行排忧解难,2019-12-04 14:12:19,1035,118,2020-02-09 21:00:05
1178345206151356416,1185562911588802560,印象笔记与知识管理交流圈,印象笔记入门与进阶,2019-12-04 14:17:04,1733,176,2020-02-09 20:59:37
1178345206151356416,1185563024550699008,日本家居爱好者协会,日本建材观察，日居理念研究,2019-12-04 14:17:31,1265,26,2020-02-09 20:59:27
1178345407711830016,1185563114601451520,南京生活指南,六朝古都遗韵，一城山水风情。,2019-12-04 14:17:53,43,18,2020-02-09 21:00:15
1178345203794063360,1185564276911190016,管理咨询交流圈,帮助大家了解管理咨询行业、战略咨询工具和技巧、行业研究的方法和套路等等分析工具,2019-12-04 14:22:30,332,27,2020-02-09 20:58:46
1178345203794063360,1185566214209912832,交易之道,专业外汇、期货、股票知识与经验交流,2019-12-04 14:30:12,460,13,2020-02-09 20:58:43
1178345201055260672,1185881911100170240,南京农业大学校园圈,和陌生人分享你的开心事~,2019-12-05 11:24:40,160,15,2020-02-09 20:58:49
1178345201055260672,1185884121896775680,河南科技大学校园圈,明德博学，日新笃行,2019-12-05 11:33:27,61,24,2020-02-09 20:59:59
1178345206151356416,1186228350367088640,神秘动物学研究,又称传说动物学，神秘生物学，是一种专门研究未知或传闻动物的动物学，为神秘生物学之一支。,2019-12-06 10:21:17,786,48,2020-02-09 21:00:16
1178345206151356416,1186231768653524992,EDC(每日携带）装备,很多人没有携带EDC装备的习惯，而在灾难来临时祈求别人帮助，对于这些人我想说的是：别怕，有我们在！,2019-12-06 10:34:52,175,14,2020-02-09 20:59:27
1178345219228225536,1186244027325816832,发发牢骚,有正就有负，负能量也是能量；负负得正，牢骚发发更健康,2019-12-06 11:23:35,133,78,2020-02-09 21:00:14
1178345219228225536,1186247282646724608,江苏单身汪集散地,欢迎天南海北的朋友加入，期待你在江苏收获一份爱情！,2019-12-06 11:36:31,365,55,2020-02-09 20:59:54
1178345405397508096,1186249288207777792,跨专业考研交流圈,现在的这个专业也许不是你特别中意的，对于跨考也许你充满着犹豫与胆怯，但是如果选择了那我们就一起努力吧,2019-12-06 11:44:29,795,86,2020-02-09 20:59:30
1178345407711830016,1186252060642648064,农村话题交流圈,让我们一起留住农村那些美好的过去，反思当下农村现状，展望农村未来！,2019-12-06 11:55:30,75,11,2020-02-09 21:00:01
1178345208739205120,1186255278218166272,哈哈哈哈哈哈这也太好笑了,这里只准分享好笑的嘻嘻。,2019-12-06 12:08:17,5791,217,2020-02-09 20:57:41
1178345201055260672,1186310159076315136,西南财经大学校园圈,经世济民，孜孜以求,2019-12-06 15:46:22,500,25,2020-02-09 20:59:24
1178345201055260672,1187337789912453120,山东艺术学院校友圈,闳 约 深 美,2019-12-09 11:49:48,127,43,2020-02-09 20:59:06
1178345211176026112,1187406106618544128,电视剧斗罗大陆圈,欢迎所有喜爱斗罗的朋友来这里交流玩耍～,2019-12-09 16:21:16,219,71,2020-02-09 20:58:17
1178345208739205120,1187406587546820608,婚纱摄影交流圈,一切关于婚纱摄影问题都可以讨论,2019-12-09 16:23:11,171,73,2020-02-09 20:58:39
1178345405397508096,1187410375191982080,Java学习交流,Java爱好者的栖息地！,2019-12-09 16:38:14,2939,82,2020-02-09 20:58:36
1178345195124490240,1187411782216523776,美女明星汇,安利娱乐圈美女明星美图、视频，只准夸不准黑、只准拉不准踩。,2019-12-09 16:43:49,51,20,2020-02-09 20:59:53
1178345213473615872,1187415766441353216,氧气罐,动漫数码游戏日常，属于年轻人的交流圈,2019-12-09 16:59:39,245,65,2020-02-09 20:58:13
1178345219228225536,1187416779490619392,沟通与表达,如何说，别人才肯听,2019-12-09 17:03:41,1916,75,2020-02-09 20:59:06
1178345405397508096,1187416824655810560,硕博圈子,论文写作和投稿经验，单身交友，只有你想不到的，没有做不到的,2019-12-09 17:03:52,349,187,2020-02-09 20:58:50
1178345203794063360,1187417034350051328,法律咨询圈,提供法律咨询服务,2019-12-09 17:04:42,1914,185,2020-02-09 20:58:25
1178345211176026112,1187419179668537344,电视剧余生请多指教,不知情起，余生倾心，遇你方知未来的模样。余生请多指教,2019-12-09 17:13:13,98,47,2020-02-09 20:58:33
1178345206151356416,1187420376081178624,科幻迷的大杂烩,科幻，科幻，以及科幻的一切,2019-12-09 17:17:58,82,13,2020-02-09 20:59:57
1178345206151356416,1188056395369418752,景骁自习室,学习自习室，也是生活自习室,2019-12-11 11:25:17,1791,454,2020-02-09 20:59:37
1178345201055260672,1188116358066503680,中山大学校园圈,博学审问慎思明辨笃行,2019-12-11 15:23:33,1451,82,2020-02-09 20:57:59
1178345206151356416,1188116794177806336,花粉俱乐部,华为产品讨论,2019-12-11 15:25:17,5862,342,2020-02-09 20:58:05
1178345206151356416,1188116845620903936,蚂蚁森林爱好者乐园,蚂蚁森林爱好者乐园,2019-12-11 15:25:30,900,250,2020-02-09 21:00:10
1178345219228225536,1188116889199607808,大连单身汪聚集地,这里是大连单身汪俱乐部,2019-12-11 15:25:40,338,66,2020-02-09 20:59:23
1178345208739205120,1188147948759003136,早睡早起养成院,早起解百忧，早睡解千愁。,2019-12-11 17:29:05,316,178,2020-02-09 20:58:10
1178345405397508096,1188153938552209408,浙江专升本交流圈,升本学习帮助，升本问题互答。,2019-12-11 17:52:53,226,40,2020-02-09 20:59:01
1178345206151356416,1188413177757761536,饰品圈,专注饰品，关注潮流！,2019-12-12 11:03:01,457,166,2020-02-09 20:59:53
1178345208739205120,1188422565406998528,豆叔家居识堂,分享交流关于家居、设计、生活方式的一切,2019-12-12 11:40:19,113,18,2020-02-09 20:59:51
1178345402679595008,1188490687602286592,电子竞技,电子竞技粉丝社区,2019-12-12 16:11:01,12,22,2020-02-09 20:59:35
1178345206151356416,1188490832620257280,零基础写作变现圈,分享写作变现技巧和渠道，欢迎爱读书爱写作有情怀的朋友加入交流，一块写写，一块赚钱！,2019-12-12 16:11:35,4362,1736,2020-02-09 20:58:02
1178345219228225536,1188490898567364608,孤独星球圈,孤独是人类的本质，没有人可以时刻陪伴你，没有人和你频率完美契合。如果可以，享受它。,2019-12-12 16:11:51,61,18,2020-02-09 20:59:58
1178345203794063360,1188491029018464256,围炉话设计,聊设计聊产品聊人生,2019-12-12 16:12:22,40,22,2020-02-09 20:59:45
1178345405397508096,1188491054997970944,自考圈,自考生聚集地，分享自考干货资料，发布最新自考信息，互助答疑。,2019-12-12 16:12:28,1961,120,2020-02-09 20:59:14
1178345471801753600,1188493721795342336,名侦探柯南圈,柯南漫迷集聚地,2019-12-12 16:23:04,771,77,2020-02-09 20:57:58
1178345206151356416,1188494899895648256,阿NEL球鞋圈,围绕着球鞋的一切，关于球鞋的事情都能发在这，也想试一试日常打卡。,2019-12-12 16:27:45,653,105,2020-02-09 21:00:06
1178345208739205120,1188494933261393920,陪你长大,陪玩打卡、绘本共读、启蒙之道、好物分享、省钱大法，秀出你最真实、最接地气的带娃日常！,2019-12-12 16:27:53,3842,697,2020-02-09 20:57:55
1178345206151356416,1188495472871129088,王阳明心学圈,倡导体用一源、知行合一、修学并举为宗旨，致力于传承明代千古圣雄王阳明为代表的中华国学真修实证修学平台,2019-12-12 16:30:01,1101,118,2020-02-09 20:59:10
1178345471801753600,1188773095362772992,假面骑士,专注假面骑士的圈子,2019-12-13 10:53:12,891,134,2020-02-09 20:58:03
1178345407711830016,1188775494089322496,編訂名詞館,严复、严译、部定词及各种翻译,2019-12-13 11:02:44,22,12,2020-02-09 20:59:09
1178345219228225536,1188776496909819904,湖南单身汪,脱单靠缘分，有机会一起嗦粉啊！,2019-12-13 11:06:43,661,155,2020-02-09 20:58:44
1178345206151356416,1188782260093227008,MY LITTLE PONY 小马谷,人总会长大，渐渐地我们会肩负起自己的责任，但至少在这里，你可以永远像个孩子♡,2019-12-13 11:29:37,400,181,2020-02-09 20:58:48
1178345208739205120,1188782557553188864,将夜熬成药,这里是夜醒者的聚居地。每个醒夜，你可将脑中的任意东西以任意形式表达在此，最终，熬制成药，供他人服用。,2019-12-13 11:30:48,763,151,2020-02-09 20:58:51
1178345201055260672,1189861507289198592,杭州电子科技大学校园圈,笃学力行、守正求新,2019-12-16 10:58:09,162,26,2020-02-09 21:00:04
1178345201055260672,1189864628279246848,内蒙古科技大学校园圈,师院，医学院来集合！一所“小211”坐落在“包克图”有鹿的地方,2019-12-16 11:10:33,29,10,2020-02-09 20:59:49
1178345203794063360,1189912932908257280,微软BI圈,"关于PowerBI,Excel,SSAS以及更多",2019-12-16 14:22:30,667,62,2020-02-09 20:59:13
1178345407711830016,1189931507605934080,世界公民俱乐部,在中国的歪果仁和在外国的中国人以及满世界跑的各种人，我们都是世界公民～来分享在世界各地工作生活的事,2019-12-16 15:36:19,73,28,2020-02-09 21:00:12
1178345203794063360,1189937730002714624,翡翠源头交流,翡翠的普通知识及价格和源头的一些趣事和行业内幕,2019-12-16 16:01:02,17,16,2020-02-09 21:00:04
1178345402679595008,1189943334582493184,明日方舟交流圈,游戏交友，讨论攻略，炫耀技术，吐槽方舟。,2019-12-16 16:23:19,736,212,2020-02-09 20:57:57
1178345402679595008,1189944898793738240,明日方舟圈,明日方舟-刀客塔聚集地,2019-12-16 16:29:31,175,16,2020-02-09 20:59:25
1178345195124490240,1189969377297022976,越涵和她们的山炮玩家们,越涵玩家在知乎的家,2019-12-16 18:06:48,321,87,2020-02-09 20:58:59
1178345219228225536,1189972168556224512,重庆本硕博单身圈,重庆本硕博单身聚集地，圈层相同更好相容，来这里邂逅缘分吧！,2019-12-16 18:17:53,509,101,2020-02-09 20:59:43
1178345219228225536,1189972225049174016,成都本硕博单身圈,欢迎单身小伙伴入圈，圈内可以线上认识新朋友，线下不定期开展聚会~,2019-12-16 18:18:07,653,119,2020-02-09 20:59:33
1178345201055260672,1190238613898756096,南京森林警察学院校友圈,欢迎师兄师姐师弟师妹进圈畅聊校园趣事，人生理想，职业困惑，生活牢骚。分享你的开心与不开心！,2019-12-17 11:56:39,318,33,2020-02-09 20:58:49
1178345405397508096,1190239571798069248,ALEVEL交流星球,ALEVEL学习交流的小圈子！Good luck，have fun！,2019-12-17 12:00:27,214,23,2020-02-09 20:58:41
1178345213473615872,1190239574553624576,xx粉bot,以后直接在知乎就能看到xx粉bot啦,2019-12-17 12:00:28,2796,55,2020-02-09 20:58:20
1178345195124490240,1190240647783907328,刘诗诗的狮子园,欢迎喜欢诗诗的朋友们～,2019-12-17 12:04:44,170,129,2020-02-09 20:59:56
1178345405397508096,1190259090096611328,北京硕博交流圈,为北京的硕士博士等高层次人才创建一个学术交流，情感交流的平台。,2019-12-17 13:18:01,1870,124,2020-02-09 20:59:25
1178345208739205120,1190259726397636608,运动打卡圈,欢迎健康减肥和热爱运动的小伙伴们进行打卡,2019-12-17 13:20:32,6064,324,2020-02-09 20:58:00
1178345405397508096,1190260088689020928,MBA备考圈,分享交流MBA等管理类专业硕士的备考经验（含提前面试/笔试联考/复试等）以及职业发展与职场困惑。,2019-12-17 13:21:59,417,128,2020-02-09 20:58:41
1178345405397508096,1190594002871898112,公务员考试交流圈,公务员考试交流,2019-12-18 11:28:50,815,23,2020-02-09 20:59:25
1178345405397508096,1190594616729149440,黑龙江工程学院校园圈,黑工程小伙伴互通有无圈。招生？考研？考证？考公？四六级？出国？实习？兼职？八卦？交友？吐槽？等你哦~,2019-12-18 11:31:16,25,7,2020-02-09 20:59:50
1178345402679595008,1190594858014973952,电脑数码测评荟,帮用户筛选产品，节省选购时间。结合产品用户体验反馈，使消费者能够选择最适合自己的产品。,2019-12-18 11:32:14,355,31,2020-02-09 20:58:14
1178345208739205120,1190596310074761216,冥想交流圈,冥想不神秘 每个人都可以来试试,2019-12-18 11:38:00,1805,136,2020-02-09 20:57:53
1178345407711830016,1190597736427544576,一盏清茶品诗词,这是一个诗词爱好者的小天地，欢迎加入，一起来品读经典古诗词，体悟人生。,2019-12-18 11:43:40,9041,3139,2020-02-09 20:57:50
1178345203794063360,1190597773043609600,选调生交流圈,选调生是有家国情怀和独特灵魂的群体,2019-12-18 11:43:49,3477,71,2020-02-09 20:58:22
1178345213473615872,1190645820477947904,哭穷与生发研讨会,据说太正规了会短命，所以目前的主要研究方向变更为--生发，养生，JK少女和miku，以及穷人的四百多种出路,2019-12-18 14:54:44,4881,43,2020-02-09 20:58:08
1178345208739205120,1190647225976651776,练字打卡,欢迎大家交作业。发送原帖和临帖，我会批作业。,2019-12-18 15:00:19,1794,337,2020-02-09 20:57:48
1178345203794063360,1190647674750238720,Unity3D游戏开发圈,欢迎各位Unity3D游戏开发者加入，希望大家可以一起学习一起成长，一起变秃变强（x,2019-12-18 15:02:06,115,19,2020-02-09 20:59:25
1178345219228225536,1190961021920092160,河南单身汪聚集地,希望我大河南的单身狗在新的一年都可以幸福脱单～,2019-12-19 11:47:14,898,123,2020-02-09 20:58:49
1178345407711830016,1190964390244065280,环游世界文艺圈,面向多语种有海内外跨文化沟通交流经历或兴趣的知友,2019-12-19 12:00:37,162,59,2020-02-09 20:59:42
1178345203794063360,1190977047420432384,济南楼市观察,济南楼盘推荐和简介，描述必须客观和事实！分享自己买房经历！,2019-12-19 12:50:55,738,10,2020-02-09 20:59:38
1178345208739205120,1190977801103314944,悉尼知乎圈子,在悉尼的知友们,2019-12-19 12:53:55,32,12,2020-02-09 20:58:57
1178345203794063360,1190980591053647872,蚁匠联盟的圈子,蚁匠正如字面意思，蚂蚁匠人。代表着一帮独立开发者和独立从业者又或者是微型创业者的一帮人，小而强大。,2019-12-19 13:05:00,4091,106,2020-02-09 20:59:43
1178345219228225536,1190987228049055744,飘飘小圈儿Z,小飘飘和他的小伙伴,2019-12-19 13:31:22,20126,239,2020-02-09 21:00:07
1178345219228225536,1191006978913226752,郑州脱单协会,拯救单身汪,2019-12-19 14:49:51,102,13,2020-02-09 20:58:54
1178345402679595008,1191035994122731520,Persona5,P5天下第一！Take your time！,2019-12-19 16:45:09,31,13,2020-02-09 20:59:02
1178345203794063360,1191036437821370368,大V bot,介绍知乎的大V，方便各位吃瓜群众关注,2019-12-19 16:46:55,532,46,2020-02-09 20:59:40
1178345211176026112,1192397365389164544,湖南卫视,知乎圈子为您发来芒果台的前线报导～,2019-12-23 10:54:45,32881,813,2020-02-09 20:58:12
1178345206151356416,1192448478335549440,绅装圈,包括衬衫西装皮鞋手表帽子领巾等各种分享,2019-12-23 14:17:51,183,44,2020-02-09 20:59:21
1178345201055260672,1192459303162982400,南京师范大学校园圈,滴滴滴，南师的校友们进来集合唠嗑啦,2019-12-23 15:00:52,146,20,2020-02-09 20:59:44
1178345201055260672,1192464756911554560,重庆大学校园圈,欢迎重大的朋友以及想来重大的的朋友一起来玩，来者不拒~ 任何问题可发帖提问 注意互相尊重礼貌发帖哦,2019-12-23 15:22:32,212,26,2020-02-09 20:59:18
1178345407711830016,1192472156653842432,书法交流圈,欢迎有兴趣朋友加入～学习书法,2019-12-23 15:51:57,437,34,2020-02-09 20:58:52
1178345195124490240,1192760537866653696,博君一肖,各位bxg们快来抱紧取暖啊！,2019-12-24 10:57:52,4790,340,2020-02-09 20:57:51
1178345402679595008,1192762268763516928,战地,游戏动态，改动以及各种与游戏相关的内容,2019-12-24 11:04:45,40,17,2020-02-09 20:58:51
1178345405397508096,1192764606832099328,東大秋書堂,打破日本留学ノ信息不对称，日本留学/日本考研/日本语学习/升学就职-东大秋叔的信赖留学平台,2019-12-24 11:14:02,64,93,2020-02-09 20:59:07
1178345208739205120,1192772068448620544,早起打卡群,早睡早起，从我做起，fight!,2019-12-24 11:43:41,121,77,2020-02-09 20:58:29
1178345195124490240,1192772553264082944,贵圈研七组,明星八卦，娱乐暴走大事件。小鹅组是也。,2019-12-24 11:45:37,293,35,2020-02-09 21:00:18
1178345201055260672,1192822008302505984,牛津大学校友圈,OX的小伙伴们快来,2019-12-24 15:02:08,161,7,2020-02-09 20:59:34
1178345208739205120,1192822846504841216,郑州买房,郑州买房的小伙伴可以相互交流，避免入坑,2019-12-24 15:05:28,64,21,2020-02-09 20:59:26
1178345201055260672,1192823272876789760,西南石油大学校友圈,石大学子心得交流,2019-12-24 15:07:09,87,15,2020-02-09 20:58:44
1178345405397508096,1192829164263383040,公务员面试,事业单位、公务员、选调生等一切结构化面试,2019-12-24 15:30:34,508,14,2020-02-09 20:59:50
1178345402679595008,1192829401316904960,带带大师兄,大家笑一笑就好,2019-12-24 15:31:30,59,10,2020-02-09 20:59:19
1178345219228225536,1192830974575341568,恋爱吧,恋爱交友两亿人的圈子,2019-12-24 15:37:46,258,44,2020-02-09 20:59:17
1178345407711830016,1192833235426762752,古典文獻學,以經、史、子、集爲論說對象；以文獻學、小學、文學理論爲論說工具。論文談藝，不亦樂乎？,2019-12-24 15:46:45,217,10,2020-02-09 20:59:36
1178345471801753600,1192833468168790016,宫崎骏动画世界,一起讨论宫崎骏(吉卜力)动画相关内容。,2019-12-24 15:47:40,1237,124,2020-02-09 20:58:01
1178345201055260672,1192833849879580672,中国科学技术大学校园圈,ustcer的交流地,2019-12-24 15:49:11,397,18,2020-02-09 20:58:11
1178345219228225536,1192837191787757568,佛系青年,无可奈何花落去，除却巫山不是云。,2019-12-24 16:02:28,58,18,2020-02-09 20:58:43
1178345206151356416,1192840678831517696,知乎图拉丁,电脑装机DIY，图钉的家园。,2019-12-24 16:16:19,37,8,2020-02-09 20:59:42
1178345497302192128,1192841391804502016,青春献给橄榄绿,现在的青春是用来奋斗的，将来的青春是用来回忆的！,2019-12-24 16:19:09,38,19,2020-02-09 20:57:50
1178345201055260672,1192841749456953344,惠州学院养老圈,带你逛惠大,2019-12-24 16:20:35,15,8,2020-02-09 20:59:44
1178345203794063360,1192855698470535168,数据恢复圈,微信恢复技巧，玩机技巧分享。,2019-12-24 17:16:00,37,59,2020-02-09 21:00:02
1178345208739205120,1192855824903749632,今日穿搭,让大家看看你的今日穿搭吧～,2019-12-24 17:16:30,3646,156,2020-02-09 20:57:43
1178345203794063360,1192855865089175552,燃料电池发动机交流圈,交流燃料电池技术，探讨未来动力系统，广交天下好友。,2019-12-24 17:16:40,84,43,2020-02-09 21:00:09
1178345402679595008,1193115583795986432,部落冲突,coc爱好者聚集地，一起讨论、交流,2019-12-25 10:28:42,174,28,2020-02-09 20:58:09
1178345407711830016,1193117049986301952,上古史研究,中国上古史领域的专业知识分享推介！,2019-12-25 10:34:31,96,8,2020-02-09 20:59:52
1178345405397508096,1193117356937871360,日本留学申请圈,分享关于日本留学申请的点点滴滴，统统在这里！,2019-12-25 10:35:44,270,22,2020-02-09 20:58:50
1178345208739205120,1193117371219542016,失眠闲聊圈,深夜失眠睡不着，不要着急，进来闲聊下就睡着了,2019-12-25 10:35:48,149,47,2020-02-09 20:58:42
1178345203794063360,1193118996940247040,智能化建筑设计,探索基于算法的自动化、智能化建筑设计方法,2019-12-25 10:42:15,246,11,2020-02-09 20:59:19
1178345405397508096,1193119288222035968,教师资格证面试,教师资格证面试经验分享！,2019-12-25 10:43:25,1067,25,2020-02-09 20:59:19
1178345208739205120,1193119623606915072,吸兔小分队,一起吸兔吧,2019-12-25 10:44:45,62,19,2020-02-09 20:58:34
1178345219228225536,1193188354530004992,江浙沪单身汪聚集地,可能是最温暖的单身汪聚集地,2019-12-25 15:17:52,2114,272,2020-02-09 20:57:59
1178345203794063360,1193189355236261888,中国保险圈,保险“活”字典=快速解答+场景化投票（万千保险大神的终极选择！）,2019-12-25 15:21:50,1117,135,2020-02-09 20:58:14
1178345206151356416,1193189718211448832,阿森纳圈,讨论阿森纳的一切,2019-12-25 15:23:17,17,8,2020-02-09 21:00:01
1178345206151356416,1193236099051536384,皇家马德里美凌格圈,美凌格的聚集地，我们皇家马德里是不可战胜的！,2019-12-25 18:27:35,159,26,2020-02-09 21:00:13
1178345407711830016,1193237024755367936,文艺带逛圈,兴趣交友、日常带逛文艺圈,2019-12-25 18:31:15,1112,117,2020-02-09 20:59:15
1178345203794063360,1193251281798746112,苏乐自媒体圈子,专注分享自媒体干货,2019-12-25 19:27:55,496,55,2020-02-09 20:59:56
1178345219228225536,1193252067383336960,失恋博物馆,分手痛苦，悲伤，无助，悲观，厌世，哀默大于心死，发泄完负面情绪重新上路。,2019-12-25 19:31:02,809,146,2020-02-09 20:58:40
1178345203794063360,1193252144143425536,来访者联盟,这是一个供来访者交流学习的地方，报团取暖。,2019-12-25 19:31:20,130,27,2020-02-09 20:59:50
1178345208739205120,1193253320444178432,德文卷毛猫的铲屎官们,德文卷毛猫的专属圈欢迎猫家长们来玩,2019-12-25 19:36:01,21,13,2020-02-09 20:58:52
1178345407711830016,1193256471637487616,自我心理study,了解一下“自己”吧，解忧又解乏☞,2019-12-25 19:48:32,704,49,2020-02-09 20:58:08
1178345203794063360,1193256828291645440,鹏派猎头,高质量猎头圈儿,2019-12-25 19:49:57,62,35,2020-02-09 20:59:08
1178345203794063360,1193256911791984640,品牌策划圈,打造新一代的科技智能品牌，做好公关品牌策划和运营,2019-12-25 19:50:17,368,102,2020-02-09 20:59:33
1178345407711830016,1193523936804331520,趣历史,分享有趣的历史，辟流传已久的谣言。,2019-12-26 13:31:21,2155,68,2020-02-09 20:57:53
1178345219228225536,1193525633005797376,程序媛交友联盟,高学历的优质青年交友圈子，缘起于清华程序员小哥哥和浙大运营小姐姐的相识，希望大家Meet Luck！,2019-12-26 13:38:05,1671,178,2020-02-09 20:58:25
1178345219228225536,1193537160106754048,成都最靠谱的恋爱圈,聚集各个领域单身汪～,2019-12-26 14:23:53,566,101,2020-02-09 20:58:54
1178345219228225536,1193537613146038272,8零单身交流群,只为80后创建的圈子，只接受80后的单身一族，祝愿在这里的每一位朋友都能找到属于你的幸福,2019-12-26 14:25:41,3114,848,2020-02-09 20:57:54
1178345195124490240,1193838413382729728,小香猪许凯的汉堡之家,来来来，一起磕soso的颜值、演技、性格,2019-12-27 10:20:58,73,34,2020-02-09 21:00:15
1178345407711830016,1193840083701202944,同文会,广聚天下文人骚客：这里是国学文化爱好者、小说作者 ...切磋交流+以文会友的“龍羿同文会社”！！,2019-12-27 10:27:36,42,53,2020-02-09 21:00:10
1178345405397508096,1193840119679922176,考研组团圈,考研组团，分享考研经验，备考心得，资料分享，专业院校介绍,2019-12-27 10:27:45,35,32,2020-02-09 20:59:18
1178345206151356416,1193841732096466944,瑜伽圈,瑜伽人自己的圈子，圈里学习交流瑜伽知识。,2019-12-27 10:34:09,1227,77,2020-02-09 20:59:53
1178345195124490240,1193849297278578688,演员孙兴和淀粉们,著名演员孙兴：代表作《倚天屠龙记》杨逍、《家有仙妻》沈公子、《七侠五义》白玉堂、《花木兰》苏吉利等,2019-12-27 11:04:13,59,32,2020-02-09 20:59:48
1178345201055260672,1194978996360663040,中国海洋大学校友圈,海纳百川，取则行远,2019-12-30 13:53:14,194,24,2020-02-09 20:59:50
1178345405397508096,1194981403186745344,本科数学学习圈,数学是有趣的！致力于本科数学的学习方法，经验，心得的分享，让大家都能够学好本科数学。,2019-12-30 14:02:48,1477,62,2020-02-09 20:58:17
1178345402679595008,1194982261014130688,Minecraft圈,知乎里的方块之家,2019-12-30 14:06:12,1836,246,2020-02-09 20:57:46
1178345405397508096,1194982612865757184,英国博士圈,把在英国读博士和做博后的人都拢在一起,2019-12-30 14:07:36,11,6,2020-02-09 21:00:00
1178345203794063360,1194994268958367744,跨境电商圈,跨境电商运营交流，跨境资讯分享，跨境人私密聚集地。,2019-12-30 14:53:55,2657,148,2020-02-09 20:57:54
1178345208739205120,1195307885134135296,冥想星球,毛姆说：一个人能观察落叶，羞花，从细微处欣赏一切，生活就不能把他怎么样。在这里，一起交流学习冥想。,2019-12-31 11:40:07,259,34,2020-02-09 20:58:34
1178345219228225536,1196398785839026176,南宁友仔友女相亲圈,南宁还单身优秀的友仔友女们，看过来，快来这里领对象啦！,2020-01-03 11:54:58,80,23,2020-02-09 20:59:53
1178345219228225536,1196444760242556928,00后交友奔现,作为00后  我们也长大啦  终于不再是早恋  可以明目张胆的渴望爱情,2020-01-03 14:57:39,2631,352,2020-02-09 20:57:51
1178345201055260672,1197465088012177408,湖南师范大学校园圈,巍巍麓山，浩浩湘江，这里是二里半女子学院,2020-01-06 10:32:04,409,72,2020-02-09 20:59:07
1178345405397508096,1197471498561069056,体育生交流圈,一个体育生的交流场所,2020-01-06 10:57:33,93,42,2020-02-09 20:58:45
1178345219228225536,1197473645994496000,互联网人才聚集地,优质互联网人才聚集地，程序猿@射鸡湿@运营汪@产品汪等行业交流求职，如果能解救汪星人，那就更美好啦！,2020-01-06 11:06:05,283,31,2020-02-09 20:58:43
1178345203794063360,1197473749724020736,跨境电商工具,没事儿分享交流点好用的电子商务saas软件和小工具。互帮互助，一起专注于跨境外贸的那些事儿。,2020-01-06 11:06:29,607,132,2020-02-09 20:58:27
1178345208739205120,1197475568487284736,张家口装修解惑圈,分享装修知识，装修材料，装修中应该避开的雷区，回答装修问题。,2020-01-06 11:13:43,21,25,2020-02-09 20:58:46
1178345219228225536,1197476698952949760,河北单身汪小火炉,河北单身汪的聚集地，大家报团取暖吧,2020-01-06 11:18:13,293,82,2020-02-09 20:59:49
1178345206151356416,1197478681168420864,生酮饮食学习圈,生酮饮食知识交流和科普，生酮食谱制作经验分享。,2020-01-06 11:26:05,188,18,2020-02-09 21:00:06
1178345219228225536,1197478892091686912,回族单身汪汪圈,为所有的回族单身男女筒靴提供一个交友互撩的圈子～,2020-01-06 11:26:55,31,11,2020-02-09 20:58:40
1178345405397508096,1197480197950394368,国际学校职业交流,国际学校/双语学校的职业交流，工作及培训机会,2020-01-06 11:32:07,73,11,2020-02-09 21:00:04
1178345219228225536,1197480816253763584,乌鲁木齐单身汪聚集地,乌鲁木齐单身青年交友圈，文明发帖、真诚交友，祝愿大家都成双成对！,2020-01-06 11:34:34,155,22,2020-02-09 20:59:43
1178345405397508096,1197511598565273600,考研复试调剂交流圈,考研是一场信息战，欢迎各位研友在此互通有无,2020-01-06 13:36:53,1404,36,2020-02-09 20:58:25
1178345201055260672,1197838417986326528,北京第二外国语学院校园圈,明德、勤学、求是、竞先,2020-01-07 11:15:33,59,7,2020-02-09 20:59:17
1178345219228225536,1197906941610201088,成都单身圈,成都单身集合点,2020-01-07 15:47:50,147,36,2020-02-09 20:59:00
1178345203794063360,1197906991946067968,VR全景创业圈,5G到来之际，VR全景行业一片利好，大家一起讨论VR全景创业的故事与历程吧！,2020-01-07 15:48:02,898,43,2020-02-09 20:59:22
1178345195124490240,1198185984330911744,段奥娟粉丝交流圈,这里是属于大娟和蛋卷们的一处远离喧嚣的岛屿,2020-01-08 10:16:39,39,16,2020-02-09 20:59:38
1178345219228225536,1198188069848027136,亲密关系情感成长营,我们总是把最大的尊重给了陌生人，却把最差的情绪给了最亲的人。亲密关系情感成长营，我们一起好好学会爱。,2020-01-08 10:24:57,294,47,2020-02-09 20:59:28
1178345195124490240,1198193062802055168,知恩的吉他,喜欢iu的宝贝们一起分享iu的美图啊。,2020-01-08 10:44:47,229,48,2020-02-09 21:00:09
1178345405397508096,1198307742979424256,2021研友圈,2021 考研，祝我们都能成功上岸！ 欢迎在这里交流备考日常，找到并肩而行的研友。,2020-01-08 18:20:29,16871,1145,2020-02-09 20:57:44
1178345405397508096,1198605220387983360,保研推免交流圈,高考失利的我们，期盼去一个梦想高校读研，然而考研形式愈发严峻，保研给了我们更优解。互助，一起上岸！,2020-01-09 14:02:33,1001,38,2020-02-09 20:59:08
1178345203794063360,1198609093315780608,电商人圈,一个专注电商运营的小圈子,2020-01-09 14:17:56,846,45,2020-02-09 20:58:04
1178345407711830016,1200124533413466112,拉丁语和古希腊语对话角,用拉丁语和古希腊语交流，巩固口语和写作能力。,2020-01-13 18:39:46,36,20,2020-02-09 20:58:52
1178345195124490240,1200133977648189440,任嘉伦的嘉人们,欢迎各位喜爱演员任嘉伦的嘉人小可爱来玩～理性讨论，文明追星～,2020-01-13 19:17:17,3177,242,2020-02-09 20:57:53
1178345206151356416,1200138046177583104,值得种草的美妆产品,分享好用的美妆用品、工具、以及化妆技巧,2020-01-13 19:33:27,328,29,2020-02-09 21:00:13
1178345203794063360,1200141273056813056,大家一起找工作,内推与爆料,2020-01-13 19:46:17,1519,67,2020-02-09 20:57:46
1178345219228225536,1201590027635138560,郑州单身汪相亲圈,欢迎知乎郑州单身汪小伙伴入圈，一起2020幸福脱单！,2020-01-17 19:43:07,163,25,2020-02-09 20:58:49
1178345402679595008,1201592656960495616,王者模拟战,王者模拟战讨论圈，新赛季高效吃鸡，运气爆棚。,2020-01-17 19:53:33,231,8,2020-02-09 20:58:22
1178345208739205120,1201594285818462208,蜂蜜圈,科学严谨的介绍蜂蜜,2020-01-17 20:00:02,59,22,2020-02-09 20:59:08
1178345203794063360,1201603133681618944,编剧业内交流,编剧们进行交流的地方,2020-01-17 20:35:11,537,34,2020-02-09 20:59:11
1178345203794063360,1201606461681524737,牧诗地产圈,关心房地产朋友们的聚集地，大家一起在这个行业寻找机会,2020-01-17 20:48:25,453,19,2020-02-09 20:58:54
1178345402679595008,1202306147056959488,和平精英开黑交流圈,为喜欢玩和平精英的小伙伴提供一个交流平台,2020-01-19 19:08:43,49,10,2020-02-09 20:58:42
1178345402679595008,1202307366722650112,德扑圈俱乐部德州扑克,德州扑克技术讨论场所，玩家聚集地。,2020-01-19 19:13:34,131,147,2020-02-09 20:58:25
1178345405397508096,1202309056087715840,青少年儿童近视防控,关注青少年儿童近视问题,2020-01-19 19:20:16,258,31,2020-02-09 21:00:04
1178345407711830016,1202310400903245824,网络小说推荐,为书友提供一个高质量、纯粹的网络小说推荐、评价、讨论圈子,2020-01-19 19:25:37,111,21,2020-02-09 20:58:58
1178345206151356416,1202546833068961792,激战广场,在这里，激战。,2020-01-20 11:05:07,169,27,2020-02-09 21:00:17
1178345405397508096,1202547023465291776,个人成长圈,学习、心理、人际关系、健身、工作……在这里你可以畅所欲言一切有关成长、发展、成功方面的内容。,2020-01-20 11:05:52,2369,142,2020-02-09 20:57:57
1178345203794063360,1202553910604468224,POS与信用卡圈,支付和信用卡薅羊毛集中地。,2020-01-20 11:33:14,118,19,2020-02-09 20:59:48
1178345203794063360,1202554593521217536,中国制造2025,劝人学机，哈哈嘻嘻,2020-01-20 11:35:57,551,15,2020-02-09 20:58:48
1178345206151356416,1202973802956873728,jk制服女孩,jk制服女孩们分享自己的穿搭，交流心得,2020-01-21 15:21:44,872,42,2020-02-09 20:58:30
1178345219228225536,1202974472971862016,重庆交友圈,线上龙门阵，线下乱劈柴，重庆人的交友圈子，欢迎好看的小哥哥小姐姐来呀~,2020-01-21 15:24:24,73,84,2020-02-09 20:58:40
1178345208739205120,1202974924945760256,西装定制,品质男人从一件合身的西装开始,2020-01-21 15:26:12,32,40,2020-02-09 20:59:03
1178345195124490240,1202975549326475264,成果的狗娃子们,演员成果的粉丝圈（诸葛大力的扮演者）,2020-01-21 15:28:41,6429,299,2020-02-09 20:57:43
1178345208739205120,1203977794436468736,武汉生活,知乎武汉生活圈。,2020-01-24 09:51:15,1998,166,2020-02-09 20:57:58
1178345407711830016,1204837500650487808,杭州生活圈,知乎的杭州生活圈,2020-01-26 18:47:24,416,39,2020-02-09 20:58:18
1178345471801753600,1205193272810983424,GUNPLA高达模型,专注高达模型的兴趣圈子,2020-01-27 18:21:07,128,19,2020-02-09 20:58:18
1178345219228225536,1205558750838476800,河南本硕博单身圈,河南本硕博聚集地，一起来邂逅缘分吧！,2020-01-28 18:33:24,750,132,2020-02-09 20:58:04
1178345219228225536,1205559207849734144,广东高校交友脱单圈,一个专注于交友脱单的圈子,2020-01-28 18:35:13,287,47,2020-02-09 20:59:12
1178345208739205120,1205559488482312192,蜂蜜圈子,欢迎各位懂蜂蜜的、喜欢喝蜂蜜的、没接触过蜂蜜但是想了解的小伙伴来共同讨论！,2020-01-28 18:36:20,39,11,2020-02-09 20:59:41
1178345206151356416,1207873813935177728,哈迷永不言败,欢迎所有喜欢哈利波特的朋友，《哈利波特》使我们相识。,2020-02-04 03:52:38,21,21,2020-02-09 20:59:47
1178345206151356416,1207873932059099136,翡翠文玩交流圈,爱翡翠的，爱盘串的的天堂。,2020-02-04 03:53:06,27,11,2020-02-09 20:58:47
1178345206151356416,1207874115421634560,2020年创新创业机会,应大家要求，创建2020年创新创业机会圈子，希望志同道合同志，一起讨论，一起学习，一起讨论，一起成长,2020-02-04 03:53:50,1149,43,2020-02-09 20:58:07
1178345219228225536,1207875171136217088,北京大龄单身圈,北京大龄单身圈聚集地，25岁以上进～,2020-02-04 03:58:02,165,44,2020-02-09 20:58:54
1178345219228225536,1207875772155011072,上海本硕博单身圈,上海本硕博聚集地，圈层相同更好相容，来这里邂逅缘分吧～,2020-02-04 04:00:25,99,14,2020-02-09 20:59:59
1178345208739205120,1207876076820627456,郑州名校交友圈,为在郑州，毕业于名校（211、985或双一流）或优质单位（国企公务员教师医生）工作的单身青年牵线搭桥,2020-02-04 04:01:37,70,8,2020-02-09 20:58:37
1178345206151356416,1208113142485700608,旅行爱好者协会,世界那么大 我想去看看,2020-02-04 19:43:38,323,23,2020-02-09 20:59:05
1178345405397508096,1208350106166198272,Steven的英语窝,不定期为大家分享最实用的英文口语，让你从此敢开口说英语，而且说得流利、充实、漂亮！,2020-02-05 11:25:15,501,61,2020-02-09 20:58:14
1178345201055260672,1208350428582490113,高考学习交流圈,欢迎各位高中同学和知识分享者加入这里，一起探讨分享高中学习方法与高考备考技巧，共同战胜高考！,2020-02-05 11:26:32,348,26,2020-02-09 20:57:48
1178345195124490240,1208442681766162432,宋威龙,演员宋威龙,2020-02-05 17:33:07,268,34,2020-02-09 20:58:13
1178345405397508096,1209082022834143232,自考学习圈,自考生们，欢迎加入哟～,2020-02-07 11:53:37,271,10,2020-02-09 20:58:51
